,created_at,deleted_at,email_address,first_name,id,last_name,merged_at,parent_user_id
0,2014-12-20 07:07:45,,ArataHopper@earthlink.info,Arata,51590.0,Hopper,,
1,2016-10-14 05:39:20,,Riya_Gruber1974@mail.net,Riya,158891.0,Gruber,,
2,2017-01-21 10:20:09,,Peter_Sousa@yahoo.info,Peter,179949.0,Sousa,,
3,2015-10-30 21:31:30,,D_Kowalski1962@gmail.com,D,98000.0,Kowalski,,
4,2015-10-24 16:27:27,,SNovak1966@mail.com,S,93994.0,Novak,,
5,2017-01-08 17:44:28,,Robot_Santos@yahoo.biz,Robot,179853.0,Santos,,
6,2015-02-07 22:39:03,,Luis_Wilson1996@inbox.org,Luis,58011.0,Wilson,,
7,2015-03-29 09:38:01,,D_Powell1991@yahoo.edu,D,64712.0,Powell,,
8,2015-03-10 02:37:55,,E_Hernandez1990@gmail.biz,E,61742.0,Hernandez,,
9,2017-06-20 04:34:14,,L_McRobot@gmail.com,L,212631.0,McRobot,,
10,2017-04-05 10:41:45,,F_Fourie@earthlink.net,F,199364.0,Fourie,,
11,2016-03-26 07:29:45,,Katherine_Hassan1954@outlook.com,Katherine,123499.0,Hassan,,
12,2017-04-12 23:16:55,,Grace_Kumar@gmail.com,Grace,196712.0,Kumar,,
13,2014-01-12 06:50:49,,Ben_Korhonen@gmail.net,Ben,14946.0,Korhonen,,
14,2018-01-16 20:36:12,,M_Computer@gmail.com,M,261175.0,Computer,,
15,2017-04-13 12:47:09,,Maryam_Hassan@earthlink.edu,Maryam,196460.0,Hassan,,
16,2016-11-13 03:33:37,,AliTaylor1980@inbox.info,Ali,165195.0,Taylor,2017-04-17 12:36:24,165195.0
17,2014-05-17 17:45:29,,JanelleBrown@yahoo.com,Janelle,26445.0,Brown,,
18,2016-04-11 17:03:03,,N_Costa@mail.com,N,127206.0,Costa,,
19,2017-07-17 15:09:58,2017-12-12 20:01:26,JSargsyan@gmail.biz,J,220461.0,Sargsyan,,
20,2017-04-15 15:43:04,,AnneRossi@gmail.edu,Anne,198564.0,Rossi,,
21,2016-11-17 03:25:23,,DiegoRussell1978@gmail.info,Diego,164835.0,Russell,,
22,2014-09-28 05:24:43,,YKruger1994@gmail.org,Y,40319.0,Kruger,,
23,2017-11-28 20:12:59,,Rebecca_Pillay1960@outlook.com,Rebecca,250698.0,Pillay,,
24,2015-01-26 16:22:06,,GeorgeWilson1959@gmail.com,George,55818.0,Wilson,,
25,2014-06-24 04:22:31,,BPhillips@yahoo.edu,B,28752.0,Phillips,,
26,2016-12-05 04:20:47,,Zoe_Khoury@inbox.biz,Zoe,171657.0,Khoury,,
27,2018-02-17 03:11:30,,IsabellaScientist1960@outlook.edu,Isabella,271633.0,Scientist,,
28,2017-02-10 13:33:13,2017-09-14 10:50:06,Mateo_Anand@earthlink.edu,Mateo,185769.0,Anand,,
29,2016-06-04 13:17:41,,Yuna_Davis1960@earthlink.edu,Yuna,134297.0,Davis,,
30,2018-04-13 23:03:23,,Seo-yun_Rodriquez1993@yahoo.net,Seo-yun,285201.0,Rodriquez,,
31,2018-05-07 19:29:34,,NathanVarghese1987@inbox.edu,Nathan,288775.0,Varghese,,
32,2015-10-20 19:07:59,,R_Liu1979@gmail.com,R,93660.0,Liu,,
33,2016-10-04 18:46:28,,M_Taylor@yahoo.org,M,156875.0,Taylor,,
34,2016-08-26 17:12:58,,SSokolov1992@yahoo.info,S,148813.0,Sokolov,,
35,2016-02-15 11:17:42,,Fatima_Freeman@gmail.org,Fatima,113115.0,Freeman,,
36,2016-11-25 00:47:45,,Diya_Wilson@yahoo.edu,Diya,170419.0,Wilson,,
37,2013-10-08 04:29:03,,Ariel_Watanabe1981@yahoo.net,Ariel,8487.0,Watanabe,,
38,2016-01-21 10:31:48,,J_Miller1988@yahoo.com,J,110060.0,Miller,,
39,2014-10-18 14:56:19,,Lisa_Lopez@gmail.net,Lisa,43641.0,Lopez,,
40,2017-07-19 11:31:53,,AKim@mail.net,A,221914.0,Kim,,
41,2016-09-09 22:37:12,,SantiagoSokolov1961@earthlink.com,Santiago,152635.0,Sokolov,,
42,2018-04-01 23:23:56,,PCastillo1981@inbox.com,P,283021.0,Castillo,,
43,2016-08-31 12:22:33,,Katherine_Lee@inbox.com,Katherine,151485.0,Lee,,
44,2017-12-17 19:59:44,,A_Rossi@gmail.com,A,254972.0,Rossi,,
45,2016-04-21 00:38:32,,Felipe_Kowalski@gmail.net,Felipe,128320.0,Kowalski,,
46,2015-03-05 09:42:40,,Katherine_Adebayo1997@gmail.biz,Katherine,60317.0,Adebayo,,
47,2016-01-11 22:31:01,,HarutaSmith1954@inbox.biz,Haruta,108761.0,Smith,,
48,2016-06-12 22:27:54,,HosnaDhawan1988@yahoo.com,Hosna,135205.0,Dhawan,,
49,2014-09-25 17:10:47,,M_Webster1991@yahoo.com,M,40740.0,Webster,,
50,2013-08-06 18:42:58,,JackPatel@outlook.com,Jack,4832.0,Patel,,
51,2013-05-23 03:54:40,,SunitaLopez@gmail.com,Sunita,1634.0,Lopez,,
52,2016-07-27 10:48:11,,DotComputer@inbox.info,Dot,145577.0,Computer,,
53,2014-03-20 09:00:10,,Peter_Chen@mail.biz,Peter,20583.0,Chen,,
54,2013-07-21 21:46:04,,JuanGonzalez@yahoo.com,Juan,4518.0,Gonzalez,,
55,2018-05-04 21:54:24,,Janelle_Freeman@yahoo.net,Janelle,289230.0,Freeman,,
56,2015-06-07 00:21:27,,TVarghese2005@earthlink.net,T,71986.0,Varghese,,
57,2016-03-14 01:18:03,,Ben_McRobot1989@yahoo.org,Ben,119815.0,McRobot,,
58,2016-07-05 10:33:18,,EMiller1975@mail.com,E,141404.0,Miller,,
59,2017-03-20 04:41:42,,ZekeRobotson@earthlink.com,Zeke,192206.0,Robotson,2018-02-22 16:43:25,192206.0
60,2016-12-26 12:08:59,,F_Castillo2001@earthlink.com,F,174202.0,Castillo,,
61,2014-03-28 09:11:17,,KobeMcRobotFace@yahoo.edu,Kobe,21514.0,McRobotFace,,
62,2016-12-07 04:02:57,,FComputer@gmail.biz,F,172288.0,Computer,,
63,2017-07-20 08:01:15,,AMiller1970@yahoo.org,A,221150.0,Miller,,
64,2017-02-07 00:31:06,,LisaFourie2000@mail.net,Lisa,182841.0,Fourie,,
65,2015-11-29 05:53:23,,Hanah_Nielsen@yahoo.info,Hanah,101320.0,Nielsen,,
66,2016-04-29 08:18:14,,M_Agarwal2003@yahoo.net,M,127291.0,Agarwal,,
67,2018-03-13 01:52:57,,MaryamAgarwal@inbox.com,Maryam,277559.0,Agarwal,,
68,2017-06-19 06:30:09,,JDiaz@inbox.org,J,213890.0,Diaz,,
69,2013-09-26 16:40:08,,TambikaNielsen1952@earthlink.net,Tambika,8115.0,Nielsen,,
70,2018-01-05 21:36:36,,PeterEvans@gmail.net,Peter,261208.0,Evans,,
71,2016-05-31 10:59:21,,Halim_McRobot1950@earthlink.edu,Halim,135833.0,McRobot,,
72,2016-10-07 08:35:12,,MiaLiu2001@mail.org,Mia,157554.0,Liu,,
73,2015-10-09 13:10:51,,SSchmidt1979@gmail.com,S,91620.0,Schmidt,,
74,2015-03-31 02:45:12,,Tambika_Botson1972@mail.info,Tambika,64303.0,Botson,,
75,2014-12-28 05:24:44,,RodrigoChopra@gmail.org,Rodrigo,51930.0,Chopra,,
76,2018-05-30 11:20:33,,BekimMiller@mail.org,Bekim,295473.0,Miller,,
77,2015-04-19 12:32:01,,AMueller@gmail.edu,A,65563.0,Mueller,,
78,2018-01-08 17:04:34,,G_Nielsen@mail.net,G,263066.0,Nielsen,,
79,2017-10-07 09:22:34,,Amaira_Jones1990@gmail.com,Amaira,237096.0,Jones,,
80,2016-12-29 21:47:48,,Aya_Diaz1960@gmail.edu,Aya,177011.0,Diaz,,
81,2016-02-28 13:29:41,,ReemTanaka@earthlink.biz,Reem,117847.0,Tanaka,,
82,2016-10-10 16:54:58,,Z_Kim1952@inbox.com,Z,158048.0,Kim,,
83,2017-05-06 00:37:33,,EmilyHuang1966@gmail.edu,Emily,204792.0,Huang,,
84,2018-02-15 23:38:27,,M_Costa1958@earthlink.info,M,271884.0,Costa,,
85,2016-11-20 19:16:46,,Aya_Sargsyan@gmail.biz,Aya,169376.0,Sargsyan,,
86,2017-05-17 09:37:53,,KHuang@earthlink.edu,K,208127.0,Huang,,
87,2014-11-23 00:31:52,,E_Adams@gmail.edu,E,47132.0,Adams,,
88,2018-01-21 23:49:48,,JDavis@earthlink.info,J,263937.0,Davis,,
89,2014-01-13 08:34:27,,Data_Horvat1982@mail.net,Data,15163.0,Horvat,,
90,2017-04-01 21:55:29,,Jacob_Acharya@gmail.com,Jacob,195133.0,Acharya,,
91,2015-06-06 14:16:39,,Ariel_Powell1986@outlook.info,Ariel,75151.0,Powell,,
92,2016-01-14 04:01:59,,Juan_Brown1958@outlook.edu,Juan,107685.0,Brown,,
93,2016-02-25 18:55:27,,Irene_Fourie1971@mail.edu,Irene,115343.0,Fourie,,
94,2017-11-16 18:08:15,,D_Lee1981@gmail.info,D,245671.0,Lee,,
95,2014-05-26 11:12:46,,Mary_Janssens1980@gmail.info,Mary,26643.0,Janssens,,
96,2015-08-28 17:50:11,,Yuna_Adams1968@inbox.com,Yuna,87399.0,Adams,,
97,2017-01-17 23:52:22,,Mia_Liu@inbox.info,Mia,180976.0,Liu,,
98,2018-03-12 05:55:14,,KhalidTaylor1980@mail.info,Khalid,275258.0,Taylor,,
99,2017-11-23 10:56:15,,NalahBrown1960@mail.biz,Nalah,251028.0,Brown,,
100,2018-05-21 00:37:26,,AmairaBrown1984@mail.net,Amaira,293602.0,Brown,,
101,2017-04-17 07:19:51,,Lucas_Silva1956@outlook.com,Lucas,199187.0,Silva,,
102,2015-12-27 20:35:10,,YPetrov@mail.info,Y,105419.0,Petrov,,
103,2017-10-24 09:20:23,,EliasKumar1981@yahoo.net,Elias,241005.0,Kumar,,
104,2013-04-16 20:37:53,,ElizabethSilva@earthlink.net,Elizabeth,912.0,Silva,,
105,2014-09-22 10:54:57,,LVarghese1998@inbox.com,L,39533.0,Varghese,,
106,2015-10-22 03:32:23,,JanellePillay2002@gmail.biz,Janelle,95198.0,Pillay,,
107,2016-04-18 01:15:14,2016-06-15 06:08:06,Maria_Ortiz@earthlink.com,Maria,124855.0,Ortiz,,
108,2015-05-03 05:38:54,,Marina_Sokolov1955@inbox.com,Marina,69928.0,Sokolov,2018-05-25 12:55:39,69928.0
109,2016-01-21 11:33:53,,J_Miller@outlook.biz,J,109698.0,Miller,,
110,2016-04-19 15:57:24,,AnneComputer@outlook.biz,Anne,127828.0,Computer,,
111,2015-02-09 14:40:10,,RebeccaTanaka1983@gmail.org,Rebecca,56655.0,Tanaka,,
112,2017-06-25 15:10:47,,Dot_Khoury1957@yahoo.org,Dot,215525.0,Khoury,,
113,2015-05-27 14:13:41,,SakuraPowell@yahoo.com,Sakura,71798.0,Powell,,
114,2015-09-18 05:27:39,,Nalah_Miller@gmail.biz,Nalah,89333.0,Miller,,
115,2017-08-17 04:36:44,,Tambika_Mammadov@inbox.com,Tambika,226547.0,Mammadov,,
116,2015-12-22 06:21:21,,DiyaAhmad@inbox.org,Diya,105571.0,Ahmad,,
117,2018-04-20 08:48:15,,AlonsoMammadov1955@gmail.com,Alonso,287999.0,Mammadov,,
118,2017-06-05 13:01:14,,Botty_Ahmad@gmail.com,Botty,208481.0,Ahmad,,
119,2017-05-20 22:46:30,,AliLewis1950@gmail.com,Ali,207332.0,Lewis,,
120,2015-02-02 19:18:35,,BKruger2003@gmail.biz,B,54867.0,Kruger,,
121,2014-11-09 01:02:25,,RiyaNovak@outlook.biz,Riya,44971.0,Novak,,
122,2016-10-03 11:46:36,,S_Gupta2005@inbox.info,S,159561.0,Gupta,,
123,2017-11-20 09:13:47,,M_Murphy@gmail.biz,M,248596.0,Murphy,,
124,2017-05-26 11:16:24,,ZoeSchmidt2001@mail.com,Zoe,209797.0,Schmidt,,
125,2016-04-05 03:01:19,,MPetrov@gmail.org,M,123979.0,Petrov,,
126,2017-08-30 17:30:06,,PeterRodriquez@outlook.com,Peter,231213.0,Rodriquez,,
127,2015-08-15 07:07:01,,Sora_Nielsen@gmail.com,Sora,84501.0,Nielsen,,
128,2016-12-07 22:59:26,,PriyaAnand@mail.edu,Priya,172618.0,Anand,,
129,2014-11-16 21:22:42,,Botty_Mammadov1956@earthlink.net,Botty,46466.0,Mammadov,,
130,2017-01-02 15:17:45,,Mosi_Computer@inbox.edu,Mosi,176544.0,Computer,,
131,2016-06-08 02:55:30,,K_Chen@earthlink.org,K,135891.0,Chen,,
132,2015-08-28 04:11:32,,SoraKowalski1953@earthlink.org,Sora,86021.0,Kowalski,,
133,2016-08-29 05:53:35,,Mary_Dubois@gmail.info,Mary,149641.0,Dubois,,
134,2017-12-10 06:52:45,,FMurphy@mail.edu,F,252259.0,Murphy,,
135,2014-09-22 22:05:27,,Emily_Martin@gmail.edu,Emily,39758.0,Martin,,
136,2013-11-07 12:42:33,,RiyaAcharya@outlook.com,Riya,9720.0,Acharya,,
137,2015-11-27 15:27:09,,Lucia_Bertrand@earthlink.info,Lucia,102498.0,Bertrand,,
138,2013-11-01 04:14:05,,EHassan1956@outlook.edu,E,9442.0,Hassan,,
139,2016-03-19 06:38:56,,HalimAcharya@gmail.com,Halim,118646.0,Acharya,,
140,2017-06-05 10:37:19,,ArataEvans@gmail.net,Arata,211401.0,Evans,,
141,2014-06-29 14:50:13,,Zoe_Bertrand@mail.net,Zoe,30409.0,Bertrand,2017-08-02 17:38:01,30409.0
142,2014-08-01 04:12:44,,Noah_Phillips1950@gmail.com,Noah,34022.0,Phillips,,
143,2013-12-21 15:40:30,,Dot_Nielsen@gmail.org,Dot,12823.0,Nielsen,,
144,2016-09-26 03:42:18,,Grace_Gupta@yahoo.net,Grace,155319.0,Gupta,,
145,2018-01-12 23:45:39,,SHorvat@outlook.com,S,262290.0,Horvat,,
146,2014-07-21 23:05:07,,MKumar1985@gmail.info,M,32754.0,Kumar,,
147,2015-01-16 16:37:45,,Juan_Weber@gmail.info,Juan,54424.0,Weber,,
148,2016-04-23 05:59:50,,P_Huang@gmail.com,P,126256.0,Huang,,
149,2016-05-29 04:38:27,,BottyAmin2005@earthlink.com,Botty,134962.0,Amin,,
150,2017-01-30 21:14:05,,B_Kowalski1983@gmail.com,B,183691.0,Kowalski,,
151,2014-11-20 16:54:27,,Sakura_Taylor@gmail.com,Sakura,46487.0,Taylor,,
152,2016-04-30 12:51:16,,Claire_Gupta@outlook.edu,Claire,127852.0,Gupta,,
153,2015-05-25 17:51:38,,FatimaJones1993@gmail.info,Fatima,73484.0,Jones,,
154,2014-08-28 06:22:53,,MaryamLiu@yahoo.org,Maryam,36991.0,Liu,,
155,2016-07-18 00:13:11,,Ji-woo_Zhou@mail.com,Ji-woo,142053.0,Zhou,,
156,2016-12-24 06:44:32,,JackKumar@earthlink.com,Jack,175164.0,Kumar,,
157,2016-07-15 09:39:04,,BenWilson2004@outlook.net,Ben,141657.0,Wilson,,
158,2018-04-14 16:20:14,,MiaRossi1966@gmail.biz,Mia,285257.0,Rossi,,
159,2018-05-21 03:20:41,,Omar_Martin@mail.info,Omar,292706.0,Martin,,
160,2017-10-01 05:49:50,,OJanssens1967@gmail.com,O,237412.0,Janssens,,
161,2014-11-10 10:35:39,,Grace_Kim1996@gmail.com,Grace,46527.0,Kim,,
162,2018-02-16 03:46:57,,Jack_Botson@outlook.com,Jack,273084.0,Botson,,
163,2017-05-18 09:35:51,,C_Santos@gmail.com,C,206694.0,Santos,,
164,2013-12-19 07:09:49,,Lucas_Anand@outlook.edu,Lucas,13222.0,Anand,,
165,2016-06-01 06:55:50,,MAmin1997@yahoo.biz,M,135385.0,Amin,,
166,2016-10-15 16:06:02,,SSaito1968@outlook.com,S,162525.0,Saito,,
167,2017-03-12 15:51:45,,M_Patel@outlook.com,M,189993.0,Patel,,
168,2016-08-03 15:01:47,,Diya_Ortiz1977@yahoo.com,Diya,146527.0,Ortiz,,
169,2017-12-23 12:37:15,,Lucia_Janssens1982@gmail.org,Lucia,259891.0,Janssens,,
170,2016-03-31 04:47:42,,MKorhonen1989@gmail.info,M,121160.0,Korhonen,,
171,2018-02-19 12:47:25,,Anne_Kumar@yahoo.edu,Anne,272755.0,Kumar,,
172,2017-06-12 22:17:48,,HZhou@gmail.com,H,213575.0,Zhou,,
173,2013-12-17 04:37:21,,Victoria_Tamm@gmail.info,Victoria,12791.0,Tamm,,
174,2016-03-03 16:52:28,,EGonzalez@mail.com,E,116921.0,Gonzalez,,
175,2015-08-02 01:37:47,2016-03-12 03:27:55,SunitaPetrov1979@mail.biz,Sunita,80970.0,Petrov,,
176,2018-04-19 14:04:13,,Riko_Miller@inbox.com,Riko,288986.0,Miller,,
177,2016-04-30 22:29:12,,NAmin@yahoo.biz,N,130343.0,Amin,,
178,2018-05-23 06:16:07,,GRobotson1963@gmail.com,G,293161.0,Robotson,,
179,2016-10-03 02:48:04,,Fatima_Nielsen@gmail.net,Fatima,158596.0,Nielsen,,
180,2015-08-19 02:07:52,,CMartin1980@outlook.org,C,85045.0,Martin,,
181,2017-04-21 00:03:10,,Reem_Dubois@yahoo.com,Reem,198149.0,Dubois,,
182,2015-07-29 01:59:30,2016-06-25 00:58:42,Seo-yunRodriquez@gmail.edu,Seo-yun,80892.0,Rodriquez,,
183,2017-12-29 16:31:45,,LuciaAhmad@earthlink.com,Lucia,260819.0,Ahmad,,
184,2015-03-28 20:10:53,,RobotNielsen1997@gmail.net,Robot,63665.0,Nielsen,,
185,2015-11-16 00:30:46,,Jack_Chopra1978@inbox.net,Jack,99703.0,Chopra,,
186,2017-05-27 18:34:42,,AKhan@yahoo.org,A,206207.0,Khan,,
187,2016-12-27 05:27:56,,A_Petrov@outlook.com,A,176861.0,Petrov,,
188,2017-06-29 05:40:49,,Elizabeth_Huang1964@inbox.info,Elizabeth,216120.0,Huang,,
189,2016-02-29 09:45:29,,HanahMiller@inbox.org,Hanah,117813.0,Miller,,
190,2014-04-12 23:42:29,,Hosna_Alami@gmail.org,Hosna,23477.0,Alami,,
191,2017-10-07 03:00:58,,Ji-woo_Russell@gmail.info,Ji-woo,239536.0,Russell,,
192,2017-06-27 07:36:29,,Davit_Saito@earthlink.net,Davit,213165.0,Saito,,
193,2016-06-09 19:12:54,2017-01-19 04:24:56,D_Chen1998@gmail.edu,D,137121.0,Chen,,
194,2016-11-02 06:33:11,,LoganTamm1961@gmail.net,Logan,165135.0,Tamm,,
195,2017-02-27 20:21:38,,MosiVarga@mail.org,Mosi,190090.0,Varga,,
196,2016-04-26 15:31:05,,L_Hopper1988@mail.com,L,128746.0,Hopper,,
197,2017-06-14 08:42:40,,Sunita_Gonzalez1959@inbox.info,Sunita,210583.0,Gonzalez,,
198,2017-06-21 15:39:32,,SoraKim@yahoo.biz,Sora,212894.0,Kim,,
199,2017-08-02 20:45:36,,I_Ahmad1966@gmail.org,I,221226.0,Ahmad,,
200,2017-05-31 18:30:53,,Logan_Patel@yahoo.com,Logan,208753.0,Patel,,
201,2014-02-02 21:46:23,,MAdebayo1964@yahoo.info,M,16701.0,Adebayo,,
202,2015-01-19 02:29:10,,HAcharya@inbox.biz,H,54339.0,Acharya,,
203,2013-11-25 20:06:49,,YDavis1995@mail.com,Y,11357.0,Davis,,
204,2015-05-24 12:44:51,,H_Sargsyan@yahoo.net,H,70346.0,Sargsyan,,
205,2017-08-25 13:10:39,,ChloeAdams1983@gmail.com,Chloe,226633.0,Adams,,
206,2018-04-28 08:58:22,,AnneAgarwal@yahoo.biz,Anne,291149.0,Agarwal,,
207,2018-02-05 07:14:07,,Sora_Janssens@inbox.com,Sora,266198.0,Janssens,,
208,2016-04-12 00:13:52,,Omar_Weber@inbox.info,Omar,126464.0,Weber,,
209,2014-11-19 23:48:52,,PierreNielsen1959@earthlink.com,Pierre,47400.0,Nielsen,,
210,2016-09-02 10:28:17,,Seo-yunWebster@gmail.biz,Seo-yun,151972.0,Webster,,
211,2015-01-15 21:34:21,,Sofia_Silva1994@gmail.info,Sofia,54716.0,Silva,,
212,2018-04-13 21:31:41,,Tala_Zhou1999@outlook.info,Tala,283424.0,Zhou,,
213,2014-10-04 07:02:11,,MohamedAgarwal@inbox.info,Mohamed,39877.0,Agarwal,,
214,2015-09-07 17:37:12,,JGupta2000@gmail.info,J,86420.0,Gupta,,
215,2015-08-20 14:36:41,,SonyaMcRobot1998@gmail.info,Sonya,84287.0,McRobot,,
216,2017-10-12 07:50:28,,Tambika_Huang1957@mail.com,Tambika,238553.0,Huang,,
217,2015-09-23 17:18:04,,S_Schmidt@gmail.net,S,89671.0,Schmidt,,
218,2017-09-07 01:08:46,,JohnPatel@earthlink.com,John,231348.0,Patel,,
219,2017-08-23 22:17:29,,RiyaPhillips2005@inbox.com,Riya,228003.0,Phillips,,
220,2016-06-06 00:35:39,,FHuang@outlook.info,F,135276.0,Huang,,
221,2016-10-01 08:28:46,,VKhoury@yahoo.net,V,158080.0,Khoury,,
222,2017-08-12 15:58:33,,HalimHassan1951@gmail.com,Halim,228537.0,Hassan,,
223,2017-01-26 14:40:36,,Nalah_Saito@yahoo.org,Nalah,184224.0,Saito,,
224,2017-06-01 15:42:33,,MiaWeber@earthlink.biz,Mia,210669.0,Weber,,
225,2018-04-17 13:45:14,,TalaMartin1959@yahoo.biz,Tala,287935.0,Martin,,
226,2015-10-05 07:17:40,,MariaSargsyan@outlook.edu,Maria,91649.0,Sargsyan,,
227,2015-11-16 06:13:33,,RMurphy@gmail.com,R,98442.0,Murphy,,
228,2016-12-12 23:56:45,,Camila_Miller1951@earthlink.info,Camila,171673.0,Miller,,
229,2014-06-11 03:41:59,,Jack_Santos@gmail.com,Jack,29818.0,Santos,,
230,2016-12-19 02:00:32,,A_Fourie@gmail.com,A,174478.0,Fourie,,
231,2016-10-01 16:15:12,,AyaMammadov1978@outlook.edu,Aya,159822.0,Mammadov,,
232,2017-03-24 13:39:08,,MariaPetrov@inbox.com,Maria,192015.0,Petrov,,
233,2014-03-10 05:14:02,,Youseff_Weber@gmail.biz,Youseff,19523.0,Weber,,
234,2017-11-28 17:07:14,,Chloe_Sokolov2003@gmail.info,Chloe,250681.0,Sokolov,2018-04-12 10:51:38,250681.0
235,2014-09-03 10:51:17,,MVarga1981@outlook.com,M,37639.0,Varga,,
236,2015-04-10 20:53:21,,Riya_Powell@gmail.biz,Riya,65948.0,Powell,,
237,2018-01-15 23:51:34,,Elena_Lee2005@inbox.com,Elena,262728.0,Lee,,
238,2015-02-22 14:11:36,,MSantos@earthlink.edu,M,57910.0,Santos,,
239,2016-07-12 04:16:46,,L_McRobot@mail.info,L,142968.0,McRobot,,
240,2018-05-01 20:25:21,,MariaVarga1991@inbox.info,Maria,287850.0,Varga,,
241,2016-07-20 01:31:03,,HanahBotson@gmail.net,Hanah,144441.0,Botson,,
242,2016-05-07 21:06:56,,L_Lopez2001@yahoo.com,L,131210.0,Lopez,,
243,2017-05-30 04:34:13,,D_Phillips1966@gmail.net,D,210720.0,Phillips,,
244,2016-05-29 01:41:51,,Sonya_Alami@gmail.net,Sonya,133818.0,Alami,,
245,2017-07-02 22:04:03,,AanyaSantos1980@outlook.biz,Aanya,218714.0,Santos,,
246,2014-06-06 19:42:26,,Khalid_Wilson@mail.com,Khalid,28344.0,Wilson,,
247,2018-05-16 12:34:51,,Ji-woo_Phillips@yahoo.info,Ji-woo,294372.0,Phillips,,
248,2017-11-27 09:10:30,,TambikaCosta2000@inbox.com,Tambika,252504.0,Costa,,
249,2016-05-13 12:00:04,2016-10-30 12:35:55,H_Weber1972@gmail.org,H,130103.0,Weber,,
250,2017-09-24 13:46:41,,JFreeman@gmail.com,J,238217.0,Freeman,,
251,2013-11-20 16:07:12,,KobeJones1994@earthlink.com,Kobe,11128.0,Jones,,
252,2013-10-19 10:24:48,,MohamedKowalski@gmail.biz,Mohamed,8899.0,Kowalski,,
253,2013-05-16 15:36:57,,Sofia_Evans1959@mail.org,Sofia,1723.0,Evans,,
254,2015-11-08 19:12:54,,A_Gruber@earthlink.com,A,98898.0,Gruber,,
255,2017-12-07 12:33:15,,Yuna_Huang1959@outlook.biz,Yuna,253636.0,Huang,,
256,2013-08-26 05:31:34,,Jonas_Lopez@outlook.com,Jonas,6098.0,Lopez,,
257,2015-06-09 05:30:50,,SonyaHassan1990@gmail.biz,Sonya,74801.0,Hassan,,
258,2016-12-30 14:43:14,,RiyaSokolov@gmail.com,Riya,175950.0,Sokolov,,
259,2013-05-08 03:39:04,,Anika_Tamm1974@earthlink.com,Anika,1420.0,Tamm,,
260,2017-12-24 21:51:00,,Mohamed_Evans1989@yahoo.com,Mohamed,260551.0,Evans,,
261,2014-12-12 13:38:59,,RikoSargsyan1975@yahoo.com,Riko,50408.0,Sargsyan,,
262,2017-09-28 15:09:38,,TAdams1979@yahoo.biz,T,236270.0,Adams,,
263,2014-11-16 04:04:36,,EmilyComputer@mail.org,Emily,47585.0,Computer,,
264,2018-05-18 22:51:37,,DSargsyan@gmail.org,D,294194.0,Sargsyan,,
265,2014-07-20 02:40:33,2014-08-30 13:19:40,Khalid_Khoury@inbox.com,Khalid,32870.0,Khoury,,
266,2016-12-04 13:04:34,,OmarKowalski1989@earthlink.com,Omar,171668.0,Kowalski,,
267,2017-05-06 03:23:12,,MaryCastillo1986@earthlink.edu,Mary,204664.0,Castillo,,
268,2015-10-11 07:49:36,,D_Gonzalez@outlook.edu,D,93371.0,Gonzalez,,
269,2015-03-16 23:44:00,,GraceAhmad1954@mail.info,Grace,62859.0,Ahmad,,
270,2016-11-29 17:00:15,,Ji-woo_Korhonen1969@earthlink.com,Ji-woo,170918.0,Korhonen,,
271,2015-10-23 17:44:21,,S_Castillo@earthlink.edu,S,95253.0,Castillo,,
272,2017-06-17 07:11:08,,Aya_Jones@earthlink.com,Aya,211361.0,Jones,,
273,2015-03-22 04:04:19,,JonasNovak1978@outlook.com,Jonas,62652.0,Novak,,
274,2016-07-29 13:48:26,2017-02-05 01:01:47,ArataWatanabe1959@yahoo.com,Arata,143842.0,Watanabe,,
275,2015-03-13 00:22:20,2015-11-19 23:02:46,Grace_Agarwal@outlook.com,Grace,60605.0,Agarwal,,
276,2016-08-01 15:07:46,,BotTamm1981@gmail.com,Bot,146133.0,Tamm,,
277,2017-11-07 05:08:51,,HanahEvans1960@gmail.biz,Hanah,244855.0,Evans,,
278,2016-02-18 21:01:30,,Emily_Brown1981@outlook.biz,Emily,114438.0,Brown,,
279,2014-09-17 14:12:59,,GeorgeNg@gmail.com,George,39905.0,Ng,,
280,2015-03-18 15:57:16,,Aanya_Gonzalez@gmail.info,Aanya,63868.0,Gonzalez,,
281,2015-05-16 22:18:56,,LoganCosta@yahoo.edu,Logan,71015.0,Costa,,
282,2015-01-09 10:32:50,,Nathan_Zhou1983@gmail.com,Nathan,52717.0,Zhou,,
283,2016-02-25 13:58:03,,Diya_Chopra2003@outlook.edu,Diya,116912.0,Chopra,,
284,2016-03-20 16:35:33,,JHorvat@yahoo.com,J,121035.0,Horvat,,
285,2016-09-26 13:55:26,,Omar_Phillips1983@mail.edu,Omar,155269.0,Phillips,2017-06-06 08:25:14,155269.0
286,2018-01-15 14:15:28,,Ruth_Costa1993@earthlink.edu,Ruth,261918.0,Costa,,
287,2017-07-04 07:31:34,,Emily_Davis1952@inbox.com,Emily,218061.0,Davis,,
288,2013-04-19 19:14:46,,MateoPillay@gmail.com,Mateo,895.0,Pillay,,
289,2018-02-19 09:37:43,,SAnand@gmail.com,S,269620.0,Anand,,
290,2015-02-13 14:04:19,,Aanya_Russell1984@mail.biz,Aanya,58777.0,Russell,,
291,2014-03-14 13:13:48,,Bekim_Alami2003@gmail.com,Bekim,19460.0,Alami,,
292,2014-05-07 19:54:35,,JuanCastillo1991@gmail.com,Juan,25075.0,Castillo,,
293,2018-05-25 13:38:55,,GraceTaylor1982@mail.com,Grace,293615.0,Taylor,,
294,2016-08-04 14:02:55,,Victoria_Adebayo@gmail.edu,Victoria,148164.0,Adebayo,,
295,2013-05-19 07:02:46,,DataKim@gmail.net,Data,1916.0,Kim,,
296,2017-04-23 06:31:00,,IsabellaPillay1998@outlook.com,Isabella,199303.0,Pillay,,
297,2015-01-10 15:23:27,,Zeke_Janssens@gmail.com,Zeke,53162.0,Janssens,,
298,2016-05-22 18:59:01,,MCosta1990@gmail.edu,M,132103.0,Costa,,
299,2015-06-09 09:03:33,,RodrigoVarghese1974@earthlink.edu,Rodrigo,74106.0,Varghese,2017-08-11 07:47:29,74106.0
300,2017-08-27 23:21:27,,ArielGupta1982@earthlink.biz,Ariel,231072.0,Gupta,,
301,2015-02-01 04:17:07,,Omar_Liu@yahoo.com,Omar,55301.0,Liu,,
302,2018-03-18 02:03:07,,Zeke_Weber1991@gmail.net,Zeke,277389.0,Weber,,
303,2017-10-29 12:12:04,,Lisa_Webster1968@gmail.org,Lisa,244167.0,Webster,,
304,2017-09-27 08:15:46,,PKhoury@outlook.biz,P,239382.0,Khoury,,
305,2017-01-27 01:48:41,,CamilaNielsen@earthlink.info,Camila,184717.0,Nielsen,,
306,2017-02-07 20:17:49,,F_McRobotFace@earthlink.biz,F,186515.0,McRobotFace,,
307,2017-11-07 02:36:59,,T_Russell1960@yahoo.com,T,248066.0,Russell,,
308,2013-12-23 06:21:15,,Luis_Diaz1990@gmail.biz,Luis,13968.0,Diaz,,
309,2015-04-29 20:05:58,,Chloe_Miller1999@yahoo.biz,Chloe,69134.0,Miller,,
310,2016-04-26 09:50:20,,Seo-yunFourie1973@inbox.com,Seo-yun,126392.0,Fourie,,
311,2016-11-26 04:05:04,,Fatima_Computer@inbox.net,Fatima,169284.0,Computer,,
312,2014-02-17 00:01:11,,B_Petrov1961@earthlink.com,B,18007.0,Petrov,,
313,2016-12-07 08:56:21,,M_Kruger@outlook.net,M,170943.0,Kruger,,
314,2014-06-29 05:00:43,,SonyaPetrov@gmail.edu,Sonya,29769.0,Petrov,,
315,2017-05-30 09:45:38,,Mosi_Dubois1968@earthlink.com,Mosi,208760.0,Dubois,,
316,2017-12-27 05:15:17,,DiyaBotson@mail.edu,Diya,256191.0,Botson,,
317,2018-05-21 11:45:53,,SarahKim@yahoo.org,Sarah,296780.0,Kim,,
318,2016-04-15 01:36:45,,Elizabeth_Ortiz@inbox.com,Elizabeth,124408.0,Ortiz,,
319,2017-11-13 12:39:16,,Nalah_Saito@outlook.com,Nalah,249218.0,Saito,,
320,2014-07-31 06:04:01,,S_Alami1973@gmail.edu,S,35138.0,Alami,,
321,2015-06-27 23:15:58,,A_Watanabe@inbox.net,A,76606.0,Watanabe,,
322,2015-09-22 08:19:45,,Irene_Mammadov1972@outlook.org,Irene,91225.0,Mammadov,,
323,2018-02-01 19:04:52,,Nathan_Miller1982@outlook.com,Nathan,267556.0,Miller,,
324,2017-07-07 09:40:20,,Hanah_Petrov@gmail.info,Hanah,217585.0,Petrov,,
325,2017-07-27 00:54:47,,KSantos@gmail.edu,K,219696.0,Santos,,
326,2014-11-07 14:51:28,,E_Evans1980@gmail.biz,E,45572.0,Evans,,
327,2018-03-31 02:14:36,,RTamm1967@outlook.com,R,279927.0,Tamm,,
328,2018-02-27 23:54:30,,EmilyBrown@inbox.info,Emily,272164.0,Brown,,
329,2017-12-27 11:09:16,,ZekeCosta1983@earthlink.edu,Zeke,256738.0,Costa,,
330,2015-12-02 19:34:24,,R_Agarwal1970@mail.com,R,102835.0,Agarwal,,
331,2017-04-03 00:58:40,,SoraSilva1988@gmail.edu,Sora,197185.0,Silva,,
332,2015-07-11 21:34:05,,ElizabethZhou@earthlink.com,Elizabeth,80107.0,Zhou,,
333,2018-05-17 05:14:26,,Tala_Freeman@gmail.org,Tala,293691.0,Freeman,,
334,2015-11-27 02:28:11,,Mary_Russell@gmail.com,Mary,101756.0,Russell,,
335,2016-08-17 11:32:41,,D_Tamm1998@yahoo.org,D,147849.0,Tamm,,
336,2015-05-28 16:58:38,,JuanChen@yahoo.com,Juan,72457.0,Chen,,
337,2017-06-14 07:11:25,,N_Castillo1992@outlook.net,N,213477.0,Castillo,,
338,2017-09-11 22:09:51,,RRobotson@mail.com,R,235503.0,Robotson,,
339,2014-12-27 10:20:55,,N_Kruger1994@inbox.org,N,50277.0,Kruger,,
340,2014-09-17 11:55:52,,Riko_Schmidt1963@mail.org,Riko,39155.0,Schmidt,,
341,2015-12-07 22:25:49,,NoahTamm1990@gmail.net,Noah,104523.0,Tamm,,
342,2013-04-01 07:13:18,,HarutaNielsen@gmail.com,Haruta,611.0,Nielsen,,
343,2016-05-03 12:25:43,,Lucia_Saito2001@gmail.com,Lucia,129112.0,Saito,,
344,2016-02-21 04:05:00,,MaryamWeber1955@earthlink.biz,Maryam,117954.0,Weber,,
345,2016-07-31 23:07:46,,AdamChopra1955@inbox.com,Adam,146757.0,Chopra,,
346,2016-06-25 15:09:50,,GeorgeSousa@gmail.com,George,138947.0,Sousa,,
347,2016-05-31 21:21:04,,JonasDiaz2002@yahoo.net,Jonas,134749.0,Diaz,,
348,2017-09-20 07:46:25,,MateoSokolov@yahoo.com,Mateo,235757.0,Sokolov,,
349,2017-08-15 17:24:58,,RiyaMueller@gmail.edu,Riya,228614.0,Mueller,,
350,2014-07-20 09:03:09,,Alonso_Petrov@yahoo.com,Alonso,32381.0,Petrov,,
351,2017-07-23 20:41:19,,MAnand1974@yahoo.org,M,220868.0,Anand,,
352,2017-08-07 02:55:15,,H_Tamm1985@inbox.info,H,223903.0,Tamm,,
353,2018-01-06 14:19:48,,AdamHuang1987@gmail.biz,Adam,259257.0,Huang,,
354,2014-04-23 07:03:56,,PeterHassan@mail.com,Peter,24712.0,Hassan,,
355,2013-08-25 07:57:38,,RobotRossi2003@yahoo.com,Robot,5622.0,Rossi,,
356,2016-05-11 23:55:14,,SLopez2002@gmail.org,S,131317.0,Lopez,,
357,2018-02-10 06:24:03,,Hosna_Anand2001@gmail.com,Hosna,268022.0,Anand,,
358,2018-04-18 17:54:57,,PeterMiller1997@mail.edu,Peter,285728.0,Miller,,
359,2016-06-15 11:40:10,,GraceMiller2003@yahoo.biz,Grace,135081.0,Miller,,
360,2016-02-17 04:50:58,,J_Miller1988@earthlink.info,J,114347.0,Miller,,
361,2014-11-09 17:02:58,,AnneSaito@gmail.info,Anne,45785.0,Saito,,
362,2016-05-23 00:33:35,,GraceKowalski@inbox.com,Grace,131696.0,Kowalski,,
363,2013-10-19 00:10:39,,John_Saito@earthlink.com,John,9154.0,Saito,,
364,2017-07-21 00:56:53,,CPetrov1950@gmail.edu,C,218614.0,Petrov,,
365,2017-04-24 10:51:20,,Seo-yunMiller@gmail.com,Seo-yun,203689.0,Miller,2018-05-17 10:29:11,203689.0
366,2015-02-20 22:15:19,,RikoVarga@gmail.info,Riko,57606.0,Varga,,
367,2017-01-27 18:49:53,,Ali_Nielsen@outlook.edu,Ali,180835.0,Nielsen,2017-04-02 15:00:32,180835.0
368,2017-02-12 10:01:27,,ReemKumar1966@mail.edu,Reem,185020.0,Kumar,,
369,2015-06-05 12:59:49,,George_Ahmad@outlook.com,George,74930.0,Ahmad,,
370,2014-11-09 11:19:43,,LiamAdams@gmail.info,Liam,46284.0,Adams,,
371,2015-09-25 22:19:46,,MSaito@gmail.com,M,90761.0,Saito,,
372,2014-09-18 01:16:18,,RMiller2005@earthlink.edu,R,40530.0,Miller,,
373,2013-10-04 22:48:40,,SakuraEvans2000@gmail.net,Sakura,8449.0,Evans,,
374,2014-01-01 09:08:59,,LPhillips1969@mail.org,L,13664.0,Phillips,,
375,2017-10-22 00:17:01,,Hosna_Taylor@yahoo.com,Hosna,240899.0,Taylor,,
376,2017-09-11 22:54:54,,ZekeAgarwal@yahoo.biz,Zeke,233815.0,Agarwal,,
377,2014-02-14 09:23:56,,Aanya_Evans1990@gmail.com,Aanya,17537.0,Evans,,
378,2017-11-04 10:57:36,,AyaAdams@yahoo.org,Aya,244451.0,Adams,,
379,2015-09-17 05:11:36,,DavitKhoury1996@gmail.com,Davit,88812.0,Khoury,,
380,2013-12-01 11:38:35,,ElizabethLiu1951@inbox.biz,Elizabeth,12491.0,Liu,,
381,2018-05-01 13:58:05,,Grace_Ortiz@inbox.net,Grace,289648.0,Ortiz,,
382,2018-02-01 10:44:03,,RLewis@gmail.com,R,266047.0,Lewis,,
383,2015-08-15 19:11:25,,C_Lee1951@gmail.com,C,85689.0,Lee,,
384,2015-06-04 11:46:49,,JonasWebster1951@gmail.com,Jonas,72992.0,Webster,,
385,2017-05-13 05:48:07,,Aanya_Janssens@inbox.com,Aanya,204143.0,Janssens,,
386,2017-02-14 06:51:37,,HanahKorhonen@yahoo.org,Hanah,186675.0,Korhonen,,
387,2014-03-09 16:28:24,,Kobe_Pillay1950@yahoo.com,Kobe,20370.0,Pillay,,
388,2016-03-19 16:17:31,,Davit_Fourie@yahoo.biz,Davit,121879.0,Fourie,,
389,2016-09-28 16:31:26,,DNielsen@outlook.com,D,159752.0,Nielsen,,
390,2017-05-27 11:52:56,,Ben_Alami2003@gmail.com,Ben,207476.0,Alami,,
391,2013-09-22 09:47:47,,Lisa_Fourie@inbox.info,Lisa,7519.0,Fourie,,
392,2015-09-07 23:48:20,,Chloe_Petrov@yahoo.com,Chloe,89280.0,Petrov,,
393,2017-11-19 19:12:24,,DataPetrov1982@gmail.org,Data,249000.0,Petrov,2018-05-26 19:08:31,249000.0
394,2016-12-02 16:24:20,,YAnand@yahoo.org,Y,172060.0,Anand,,
395,2015-01-06 00:57:46,,Botty_Sousa1998@outlook.edu,Botty,51992.0,Sousa,,
396,2017-10-06 15:42:55,,RVarghese@inbox.biz,R,240078.0,Varghese,,
397,2015-04-03 05:53:56,,Adam_Evans1956@inbox.edu,Adam,63990.0,Evans,,
398,2017-02-04 23:46:18,,LFourie@gmail.info,L,184196.0,Fourie,,
399,2015-07-29 12:14:27,,Riya_Powell@gmail.edu,Riya,80884.0,Powell,,
400,2016-03-31 06:39:24,,JonasAgarwal@mail.net,Jonas,122065.0,Agarwal,,
401,2016-05-03 22:57:30,,EmilyChen1986@gmail.com,Emily,127664.0,Chen,,
402,2016-02-01 23:06:03,,A_Lewis1954@mail.biz,A,110510.0,Lewis,,
403,2014-10-07 22:49:46,,ClaireCosta@yahoo.org,Claire,42613.0,Costa,,
404,2015-04-22 06:27:47,,R_Alami@outlook.com,R,66631.0,Alami,,
405,2018-04-12 12:35:51,,HarutaBertrand2003@mail.info,Haruta,286830.0,Bertrand,,
406,2015-04-18 20:31:53,,KobeGupta@inbox.info,Kobe,67117.0,Gupta,,
407,2017-02-21 12:27:55,,A_Amin1952@gmail.edu,A,185849.0,Amin,,
408,2017-10-29 11:42:33,,IreneSargsyan1986@gmail.com,Irene,244799.0,Sargsyan,,
409,2017-08-27 18:37:41,,Sora_Miller@gmail.com,Sora,229871.0,Miller,,
410,2014-08-04 12:26:20,,M_Russell1993@gmail.biz,M,34263.0,Russell,,
411,2017-12-03 00:27:21,,HosnaChen1952@earthlink.info,Hosna,253055.0,Chen,,
412,2014-06-24 07:33:04,,Marina_Diaz2003@outlook.edu,Marina,28974.0,Diaz,,
413,2014-09-25 18:21:39,,IsabellaRossi@gmail.com,Isabella,39151.0,Rossi,,
414,2016-01-06 19:55:29,,Ruth_Adebayo1972@gmail.org,Ruth,108662.0,Adebayo,,
415,2017-03-10 08:52:17,,Lisa_Castillo1965@earthlink.biz,Lisa,190267.0,Castillo,,
416,2016-03-04 18:41:38,,Juan_McRobotFace1968@mail.com,Juan,117314.0,McRobotFace,,
417,2016-04-29 08:28:52,,DavitNg2001@gmail.com,Davit,128110.0,Ng,,
418,2013-07-29 10:51:39,,C_Scientist1951@gmail.info,C,4675.0,Scientist,,
419,2017-05-12 17:16:16,,LuciaMartin1992@gmail.biz,Lucia,206673.0,Martin,,
420,2015-04-14 04:16:49,,ZoeRossi@earthlink.com,Zoe,66119.0,Rossi,,
421,2015-05-31 00:27:45,,Chloe_Fourie1969@earthlink.biz,Chloe,72442.0,Fourie,,
422,2017-12-02 09:08:19,,Ji-wooDiaz@mail.com,Ji-woo,253324.0,Diaz,,
423,2015-08-16 23:22:06,,Aya_Botson1972@outlook.biz,Aya,82945.0,Botson,,
424,2017-11-16 06:42:30,,Mosi_Phillips@yahoo.net,Mosi,250235.0,Phillips,,
425,2015-11-28 06:29:03,,MohamedHassan@mail.net,Mohamed,100001.0,Hassan,,
426,2014-10-25 07:08:58,,Yuna_Huang@outlook.org,Yuna,44557.0,Huang,2015-01-11 05:15:55,44557.0
427,2013-12-07 09:27:43,,Felipe_Miller@gmail.com,Felipe,11607.0,Miller,,
428,2014-12-04 05:47:42,,ArielLiu@earthlink.com,Ariel,49940.0,Liu,,
429,2015-07-07 17:00:39,,L_Miller1951@inbox.com,L,77468.0,Miller,,
430,2016-09-11 19:09:22,,SoraNielsen1954@earthlink.org,Sora,154414.0,Nielsen,,
431,2016-12-01 01:37:00,,LVarga@outlook.net,L,169668.0,Varga,,
432,2018-05-03 10:41:31,,RobotKumar@gmail.net,Robot,291788.0,Kumar,,
433,2015-11-25 09:57:31,,Ruth_Gonzalez@gmail.org,Ruth,102371.0,Gonzalez,,
434,2017-02-12 14:10:53,,DTamm@inbox.org,D,184915.0,Tamm,,
435,2015-08-14 23:35:39,,ZoeAmin@outlook.com,Zoe,84259.0,Amin,,
436,2016-08-18 04:04:38,,B_Phillips@gmail.org,B,147097.0,Phillips,,
437,2015-03-06 03:40:07,2015-09-06 02:54:45,LuisHuang@gmail.biz,Luis,60427.0,Huang,,
438,2018-03-01 18:52:52,,MFreeman@inbox.biz,M,277114.0,Freeman,,
439,2014-10-05 16:51:46,,HawaKowalski@outlook.org,Hawa,41429.0,Kowalski,,
440,2015-08-07 07:49:32,,Tala_Sargsyan@outlook.edu,Tala,83116.0,Sargsyan,2017-06-10 12:26:35,83116.0
441,2013-10-07 12:13:44,,KhalidLee1968@mail.com,Khalid,8801.0,Lee,,
442,2016-11-26 09:26:30,,Felipe_Chopra1986@outlook.biz,Felipe,168906.0,Chopra,,
443,2018-04-29 05:09:00,,Bekim_Varghese1995@gmail.com,Bekim,288842.0,Varghese,,
444,2017-07-07 12:11:42,2018-01-20 23:34:05,PriyaAmin@outlook.net,Priya,217902.0,Amin,,
445,2015-04-09 06:30:50,,AyaNovak@inbox.com,Aya,64460.0,Novak,,
446,2017-11-26 23:01:15,,LoganDavis1976@mail.com,Logan,252911.0,Davis,,
447,2017-04-18 14:44:21,,AGupta1978@outlook.info,A,201915.0,Gupta,,
448,2016-06-20 11:25:05,,Zoe_Fourie@gmail.com,Zoe,138844.0,Fourie,,
449,2014-07-28 01:37:09,,Lisa_Khan@mail.edu,Lisa,33631.0,Khan,,
450,2016-09-27 02:40:50,,K_Sousa@inbox.com,K,156158.0,Sousa,,
451,2017-07-13 19:54:02,,BenGruber1960@inbox.com,Ben,217217.0,Gruber,,
452,2017-05-15 09:17:02,,ELopez@outlook.com,E,204309.0,Lopez,,
453,2015-12-18 19:04:03,,HosnaAdebayo2004@yahoo.info,Hosna,105568.0,Adebayo,,
454,2017-06-23 17:16:33,,Khalid_Varga2002@yahoo.org,Khalid,216158.0,Varga,,
455,2014-07-21 10:15:28,,S_Schmidt@gmail.com,S,32260.0,Schmidt,,
456,2015-07-05 20:12:24,,Katherine_Acharya1983@gmail.info,Katherine,79838.0,Acharya,,
457,2016-07-31 04:36:12,,KatherineNielsen@gmail.com,Katherine,144584.0,Nielsen,,
458,2015-08-03 03:58:40,,GTaylor@gmail.edu,G,80921.0,Taylor,,
459,2015-12-10 17:09:21,,Maryam_Sokolov1990@earthlink.biz,Maryam,101741.0,Sokolov,,
460,2017-03-04 23:47:54,,Grace_Hernandez@mail.com,Grace,189804.0,Hernandez,,
461,2017-07-13 15:47:37,,J_Diaz@yahoo.net,J,218227.0,Diaz,,
462,2014-09-10 04:26:56,,Lisa_Hopper1964@outlook.com,Lisa,37775.0,Hopper,,
463,2016-10-18 11:54:09,,RuthCastillo1966@earthlink.org,Ruth,163088.0,Castillo,,
464,2017-11-28 09:24:39,,Kobe_Saito@gmail.biz,Kobe,248241.0,Saito,,
465,2015-03-30 02:02:29,,Janelle_Ortiz1977@inbox.biz,Janelle,63718.0,Ortiz,,
466,2016-07-12 00:43:50,,HPhillips@inbox.com,H,142420.0,Phillips,,
467,2017-08-07 05:21:18,,Sarah_Phillips@mail.net,Sarah,224636.0,Phillips,,
468,2017-12-27 15:37:37,,J_Hernandez1952@earthlink.edu,J,257794.0,Hernandez,,
469,2016-09-21 11:53:48,,Jacob_Scientist1950@earthlink.biz,Jacob,155825.0,Scientist,,
470,2018-03-10 03:11:57,,Grace_Ng1979@inbox.info,Grace,275571.0,Ng,,
471,2015-05-18 03:53:49,,SofiaKim@inbox.org,Sofia,71894.0,Kim,,
472,2016-10-24 23:01:47,,SonyaZhou1974@earthlink.biz,Sonya,161006.0,Zhou,,
473,2016-09-18 14:10:03,,A_Janssens1990@inbox.com,A,155493.0,Janssens,,
474,2017-12-18 19:17:36,,Riko_Fourie2003@outlook.biz,Riko,253994.0,Fourie,,
475,2018-04-01 14:53:56,,Haruta_Khan@outlook.org,Haruta,281388.0,Khan,,
476,2017-03-12 19:25:31,,Halim_Tanaka1967@mail.com,Halim,194143.0,Tanaka,,
477,2014-09-05 15:52:01,,LuciaSilva1987@mail.net,Lucia,37843.0,Silva,,
478,2015-01-22 12:11:23,,A_Costa@gmail.net,A,54547.0,Costa,,
479,2017-10-24 14:08:23,,AyaKorhonen1951@earthlink.info,Aya,242934.0,Korhonen,,
480,2018-05-04 16:23:24,,AmairaMartin@earthlink.com,Amaira,292040.0,Martin,,
481,2018-05-12 21:19:02,,Hawa_Anand1978@gmail.com,Hawa,292714.0,Anand,,
482,2016-12-15 11:52:27,,Robot_Huang@gmail.com,Robot,171009.0,Huang,,
483,2013-07-18 14:31:59,,NathanMammadov@earthlink.info,Nathan,4400.0,Mammadov,,
484,2018-01-07 00:22:05,,HanahRobotson@gmail.edu,Hanah,260553.0,Robotson,,
485,2016-05-19 13:11:41,,Botty_Anand@inbox.org,Botty,130561.0,Anand,,
486,2014-06-15 00:57:50,,JCastillo@inbox.info,J,29209.0,Castillo,,
487,2018-02-04 12:03:01,,Hawa_Miller@yahoo.biz,Hawa,266635.0,Miller,,
488,2017-09-09 07:28:37,,Khalid_Petrov@gmail.org,Khalid,231295.0,Petrov,,
489,2016-06-12 10:47:56,,MCosta@gmail.com,M,135934.0,Costa,2017-08-24 17:56:45,135934.0
490,2018-04-27 18:48:06,,Tambika_Petrov@gmail.biz,Tambika,289838.0,Petrov,,
491,2016-10-26 08:18:54,,Camila_Varga@gmail.com,Camila,162242.0,Varga,,
492,2016-08-04 09:49:14,,Maria_Lee2003@mail.edu,Maria,145625.0,Lee,,
493,2015-01-13 05:37:47,,HawaMiller@outlook.org,Hawa,52905.0,Miller,,
494,2015-05-29 17:40:55,,ZoeAlami@mail.info,Zoe,71709.0,Alami,,
495,2018-01-12 19:25:44,,Davit_Murphy1997@yahoo.biz,Davit,260246.0,Murphy,,
496,2017-10-10 21:21:58,,YunaVarga@earthlink.com,Yuna,237987.0,Varga,,
497,2017-04-13 05:54:24,,D_Varga1950@inbox.com,D,197743.0,Varga,,
498,2014-09-17 20:23:53,,Sonya_Amin1966@gmail.biz,Sonya,40122.0,Amin,,
499,2015-03-22 14:58:03,,Haruta_Lewis@yahoo.net,Haruta,61626.0,Lewis,,
500,2017-11-22 19:44:21,,Rodrigo_Weber1987@outlook.info,Rodrigo,250379.0,Weber,,
501,2015-08-13 11:37:46,,Rin_Anand@gmail.edu,Rin,85081.0,Anand,,
502,2015-12-14 09:35:00,,Ariel_Nielsen1984@inbox.org,Ariel,104172.0,Nielsen,,
503,2018-01-27 17:42:23,,George_Russell1982@gmail.edu,George,264907.0,Russell,,
504,2015-10-01 06:52:40,,Sofia_Acharya1997@gmail.com,Sofia,93234.0,Acharya,,
505,2016-09-18 14:49:04,,MarinaPowell1976@gmail.com,Marina,156690.0,Powell,,
506,2016-04-08 18:52:49,,BenLopez1968@outlook.biz,Ben,124680.0,Lopez,,
507,2014-08-17 18:41:02,,Alonso_Evans1992@gmail.org,Alonso,34874.0,Evans,,
508,2015-04-13 16:44:47,,O_Chen1959@outlook.com,O,64354.0,Chen,,
509,2018-03-10 00:33:50,,PierreAcharya@outlook.com,Pierre,278330.0,Acharya,,
510,2016-04-05 13:41:53,,Mosi_Fourie@earthlink.info,Mosi,124102.0,Fourie,,
511,2015-11-20 09:03:49,,L_Chen1997@gmail.biz,L,99724.0,Chen,,
512,2018-05-14 01:04:44,,SCosta@outlook.net,S,292131.0,Costa,,
513,2016-04-07 14:36:02,,HanahTaylor@gmail.edu,Hanah,125376.0,Taylor,,
514,2017-10-04 21:05:45,,RebeccaMammadov@inbox.biz,Rebecca,236234.0,Mammadov,,
515,2017-12-14 03:52:31,,HKruger1969@gmail.com,H,255188.0,Kruger,,
516,2013-11-25 11:04:10,,Zoe_Jones@outlook.net,Zoe,11655.0,Jones,,
517,2015-08-31 12:14:53,,I_Tamm@yahoo.info,I,87630.0,Tamm,,
518,2015-01-30 01:30:39,,ZKowalski1993@gmail.org,Z,54628.0,Kowalski,,
519,2014-11-13 07:50:01,,Claire_Smith@gmail.com,Claire,46240.0,Smith,,
520,2016-07-16 04:18:34,,George_Alami2000@earthlink.edu,George,143367.0,Alami,,
521,2018-04-11 18:34:51,,Sunita_Chopra@yahoo.info,Sunita,286586.0,Chopra,,
522,2017-04-07 21:46:49,,Fatima_Diaz1989@mail.com,Fatima,195298.0,Diaz,,
523,2017-03-21 12:33:09,,DiegoDhawan1986@gmail.com,Diego,193025.0,Dhawan,,
524,2016-06-07 03:10:43,,LuisMueller1952@inbox.com,Luis,133546.0,Mueller,,
525,2016-02-09 10:13:18,,Youseff_Janssens@gmail.com,Youseff,112111.0,Janssens,,
526,2017-03-02 08:15:07,,ChloeDiaz1986@outlook.com,Chloe,187123.0,Diaz,,
527,2015-10-26 11:28:15,,C_Tanaka1983@gmail.edu,C,95142.0,Tanaka,,
528,2017-10-17 00:10:22,,RodrigoSantos@inbox.org,Rodrigo,240404.0,Santos,,
529,2016-03-09 11:57:27,,Haruta_McRobotFace1972@inbox.edu,Haruta,119373.0,McRobotFace,,
530,2017-12-24 13:57:40,2018-03-05 09:59:05,Victoria_Miller1978@outlook.com,Victoria,256812.0,Miller,,
531,2015-12-20 23:16:21,,CSousa1999@gmail.org,C,104170.0,Sousa,,
532,2016-02-08 09:37:59,,SonyaKruger1955@yahoo.com,Sonya,115348.0,Kruger,,
533,2018-01-25 03:43:41,,AAmin1975@inbox.org,A,266365.0,Amin,,
534,2017-09-20 02:39:05,,Tala_Tanaka@gmail.biz,Tala,235097.0,Tanaka,,
535,2017-09-18 18:10:54,,A_Watanabe1966@outlook.org,A,232073.0,Watanabe,,
536,2016-02-21 15:46:22,,Felipe_Gruber@gmail.info,Felipe,114707.0,Gruber,,
537,2017-11-19 11:05:39,,SVarga2002@yahoo.info,S,247955.0,Varga,,
538,2016-07-22 15:13:28,,Yuna_Dhawan@yahoo.net,Yuna,146122.0,Dhawan,,
539,2017-10-30 03:49:53,,TMueller@outlook.org,T,243396.0,Mueller,,
540,2015-02-14 16:57:40,,Davit_Tamm1966@gmail.net,Davit,59107.0,Tamm,,
541,2016-10-07 01:57:31,,KobeHassan@gmail.edu,Kobe,159282.0,Hassan,,
542,2015-09-08 21:09:41,,FelipeDubois1955@outlook.com,Felipe,89125.0,Dubois,,
543,2016-07-23 09:16:27,,J_Chopra@earthlink.com,J,143139.0,Chopra,,
544,2014-10-22 05:16:46,,Alonso_Brown@gmail.edu,Alonso,42687.0,Brown,,
545,2017-07-25 08:04:19,,E_Acharya2003@yahoo.edu,E,220473.0,Acharya,,
546,2018-03-31 02:57:15,,MaryamPillay1957@gmail.edu,Maryam,279300.0,Pillay,,
547,2016-07-25 12:59:40,,FelipePowell@gmail.info,Felipe,144458.0,Powell,,
548,2014-12-08 04:47:52,2015-04-03 22:25:28,GraceBrown1958@outlook.com,Grace,49263.0,Brown,,
549,2015-08-09 18:10:14,,OmarSilva1996@gmail.biz,Omar,85212.0,Silva,,
550,2015-08-23 17:13:59,,Diego_Khoury1950@gmail.com,Diego,84304.0,Khoury,,
551,2016-10-07 03:50:36,,HarutaMiller1981@outlook.com,Haruta,160623.0,Miller,,
552,2015-07-15 02:28:15,,F_Anand1971@gmail.biz,F,80858.0,Anand,,
553,2018-05-01 05:59:04,,J_Computer@earthlink.biz,J,292212.0,Computer,,
554,2014-02-19 03:19:29,,F_Ng1997@inbox.com,F,17965.0,Ng,,
555,2018-03-25 08:37:57,,Rodrigo_Evans1985@mail.edu,Rodrigo,280556.0,Evans,,
556,2017-04-06 18:57:35,,Hanah_Taylor1994@inbox.com,Hanah,194796.0,Taylor,,
557,2015-08-13 05:42:09,,RodrigoPillay2002@gmail.edu,Rodrigo,84870.0,Pillay,2017-05-16 05:06:06,84870.0
558,2015-03-10 08:31:52,,APatel@inbox.com,A,62483.0,Patel,,
559,2017-10-22 09:23:50,2018-02-27 10:03:04,Reem_Ahmad1984@outlook.com,Reem,242535.0,Ahmad,,
560,2015-01-22 08:50:36,,PriyaJones1958@inbox.com,Priya,55978.0,Jones,,
561,2015-11-17 21:45:20,,Y_Hopper@mail.com,Y,98625.0,Hopper,,
562,2015-01-05 05:47:41,,KHernandez@gmail.com,K,52237.0,Hernandez,,
563,2016-01-07 14:01:07,,EliasRossi@inbox.net,Elias,108027.0,Rossi,,
564,2016-02-04 16:21:59,,Rebecca_Brown1954@earthlink.net,Rebecca,114108.0,Brown,,
565,2017-07-18 11:43:33,,GeorgeRodriquez@earthlink.com,George,217731.0,Rodriquez,2017-08-02 04:26:30,217731.0
566,2017-09-17 01:39:30,,Rodrigo_Chen1961@inbox.net,Rodrigo,235687.0,Chen,,
567,2018-04-18 17:57:10,,K_Gruber@yahoo.net,K,287578.0,Gruber,,
568,2017-10-02 18:28:01,,George_Davis@mail.edu,George,239773.0,Davis,,
569,2015-05-03 01:55:57,,HawaWilson@outlook.edu,Hawa,67965.0,Wilson,,
570,2017-06-29 10:08:13,,BotSchmidt1968@yahoo.net,Bot,213794.0,Schmidt,,
571,2013-10-04 23:25:17,,H_Petrov@gmail.net,H,8218.0,Petrov,,
572,2015-01-09 23:52:50,,Ji-woo_Scientist1986@mail.org,Ji-woo,54271.0,Scientist,,
573,2013-10-14 02:51:08,,Irene_Silva1975@inbox.com,Irene,8941.0,Silva,,
574,2018-01-25 03:26:44,,Nalah_Murphy@gmail.edu,Nalah,263979.0,Murphy,,
575,2016-10-19 07:56:06,,YTanaka2000@inbox.org,Y,160943.0,Tanaka,,
576,2018-04-25 04:43:08,,AliWilson1954@gmail.biz,Ali,286021.0,Wilson,,
577,2018-05-08 17:35:07,,C_Khoury1984@mail.edu,C,293996.0,Khoury,,
578,2014-12-05 23:48:27,,NalahBotson@inbox.com,Nalah,49625.0,Botson,,
579,2015-04-11 00:08:31,,MaryOrtiz@outlook.com,Mary,65526.0,Ortiz,,
580,2015-12-26 23:29:38,,MWatanabe2005@gmail.info,M,106016.0,Watanabe,,
581,2015-09-11 01:19:26,,TalaMueller1963@inbox.com,Tala,89702.0,Mueller,2015-11-28 01:03:42,89702.0
582,2015-01-08 04:48:40,,Haruta_Lopez1951@outlook.net,Haruta,52849.0,Lopez,,
583,2017-09-11 20:17:26,,JohnSokolov1970@earthlink.net,John,232668.0,Sokolov,,
584,2015-08-12 16:17:27,,PriyaKowalski@mail.edu,Priya,84554.0,Kowalski,,
585,2017-08-20 16:15:11,,Janelle_Russell1981@gmail.edu,Janelle,227617.0,Russell,,
586,2017-01-19 00:25:06,,Sonya_Liu1950@gmail.edu,Sonya,179970.0,Liu,,
587,2018-01-15 03:16:13,,AmairaMiller@mail.com,Amaira,260157.0,Miller,,
588,2015-10-02 05:49:46,,GeorgeMueller@inbox.biz,George,93378.0,Mueller,,
589,2018-03-15 05:18:49,,Victoria_Jones@outlook.com,Victoria,274923.0,Jones,,
590,2015-07-14 20:33:35,,J_Kowalski1977@yahoo.com,J,81042.0,Kowalski,,
591,2013-11-20 19:10:14,,Diego_Dubois1955@gmail.info,Diego,11195.0,Dubois,,
592,2017-01-06 05:20:22,,MariaSchmidt@yahoo.com,Maria,175729.0,Schmidt,,
593,2016-05-16 03:42:23,,HPetrov@outlook.org,H,130543.0,Petrov,,
594,2015-03-19 10:33:51,,MaryamJanssens@outlook.com,Maryam,63909.0,Janssens,,
595,2015-03-04 04:44:31,,G_Freeman@gmail.com,G,60513.0,Freeman,,
596,2015-04-12 03:34:35,,YunaGruber1976@gmail.edu,Yuna,65354.0,Gruber,,
597,2016-10-05 16:58:48,,CamilaAmin1961@mail.info,Camila,157633.0,Amin,,
598,2014-03-23 13:30:29,,AliNovak@gmail.info,Ali,21214.0,Novak,,
599,2015-02-24 19:18:55,,ZekeGupta@earthlink.org,Zeke,58466.0,Gupta,,
600,2015-12-05 12:38:55,,Haruta_Rodriquez1965@gmail.com,Haruta,101937.0,Rodriquez,,
601,2016-05-10 08:32:37,,D_Sokolov1955@yahoo.biz,D,130633.0,Sokolov,,
602,2017-11-27 08:45:59,,C_Miller1987@gmail.com,C,253741.0,Miller,,
603,2016-12-27 21:17:39,,MohamedNovak1984@inbox.org,Mohamed,177598.0,Novak,,
604,2014-05-25 03:38:04,,JohnMiller@earthlink.net,John,27023.0,Miller,,
605,2016-07-08 15:15:24,2016-11-04 19:23:08,MAnand@earthlink.net,M,140563.0,Anand,,
606,2014-07-04 01:13:31,,Mohamed_Miller2001@earthlink.org,Mohamed,32156.0,Miller,,
607,2017-04-24 07:28:58,,YunaRussell1951@outlook.com,Yuna,202828.0,Russell,,
608,2014-09-25 03:19:55,,Arata_Nielsen2003@mail.com,Arata,39476.0,Nielsen,,
609,2016-12-12 04:19:35,,LMurphy@mail.com,L,170030.0,Murphy,2017-04-11 23:51:37,170030.0
610,2016-12-20 02:28:36,,TalaPillay@earthlink.net,Tala,173468.0,Pillay,,
611,2016-06-02 00:18:25,,SunitaVarghese@mail.com,Sunita,133415.0,Varghese,,
612,2017-12-29 22:58:37,,Noah_Adams@outlook.edu,Noah,259105.0,Adams,,
613,2015-10-28 19:12:50,,MaryamBertrand@inbox.com,Maryam,94348.0,Bertrand,,
614,2017-08-08 22:47:43,,Anne_Martin@mail.com,Anne,222437.0,Martin,,
615,2017-09-25 05:42:45,,MosiDhawan@earthlink.edu,Mosi,234839.0,Dhawan,,
616,2015-11-15 22:44:23,,Reem_Hopper1959@mail.com,Reem,99702.0,Hopper,,
617,2017-11-01 10:31:40,,George_Smith1960@yahoo.com,George,246724.0,Smith,,
618,2017-02-14 16:45:31,,DiegoBrown@inbox.info,Diego,184866.0,Brown,,
619,2015-03-10 20:54:20,,ReemChen1985@outlook.info,Reem,62229.0,Chen,,
620,2018-04-07 10:52:34,,Zoe_Kim@outlook.org,Zoe,282485.0,Kim,,
621,2017-08-18 12:30:53,,Juan_Phillips@yahoo.edu,Juan,227312.0,Phillips,,
622,2018-02-09 04:23:39,,AliPetrov@gmail.edu,Ali,268851.0,Petrov,,
623,2016-08-19 12:31:27,,SofiaRussell2005@gmail.com,Sofia,150990.0,Russell,,
624,2016-04-01 09:24:48,,IreneSousa1966@yahoo.org,Irene,123833.0,Sousa,,
625,2014-08-28 17:36:48,,Kobe_Horvat2002@gmail.biz,Kobe,36517.0,Horvat,,
626,2018-01-28 06:03:36,,Data_Varghese@outlook.info,Data,264377.0,Varghese,,
627,2017-02-20 12:22:17,2017-05-07 08:47:15,RobotMiller@yahoo.com,Robot,187097.0,Miller,,
628,2015-11-25 19:53:09,,YFourie@gmail.edu,Y,101931.0,Fourie,,
629,2016-07-28 09:55:17,,Ji-woo_Acharya@mail.com,Ji-woo,144711.0,Acharya,,
630,2015-09-25 09:09:07,,ATaylor@gmail.com,A,89645.0,Taylor,,
631,2015-03-29 22:32:13,,JanelleBertrand@inbox.com,Janelle,63596.0,Bertrand,,
632,2015-11-30 04:08:49,,Botty_Kruger@gmail.org,Botty,102765.0,Kruger,,
633,2017-09-02 01:51:30,,PriyaJanssens@gmail.net,Priya,230628.0,Janssens,,
634,2016-11-11 00:15:28,,A_Taylor2001@gmail.org,A,168037.0,Taylor,,
635,2017-06-02 02:40:06,,DiyaFourie1994@outlook.biz,Diya,207104.0,Fourie,,
636,2016-11-16 14:55:30,,Bot_Patel@mail.edu,Bot,169070.0,Patel,,
637,2017-05-16 01:12:20,,Marina_Pillay1953@mail.info,Marina,204150.0,Pillay,,
638,2014-01-18 11:28:02,,NoahRobotson@gmail.org,Noah,15063.0,Robotson,2015-04-19 08:34:59,15063.0
639,2015-08-21 06:53:26,,DMartin@gmail.org,D,85639.0,Martin,,
640,2014-06-24 02:02:55,,PKhoury1975@earthlink.com,P,30245.0,Khoury,2018-05-17 05:58:36,30245.0
641,2014-12-08 21:30:23,,MosiSokolov1988@inbox.org,Mosi,50020.0,Sokolov,,
642,2018-03-03 23:06:59,,CamilaNg1997@yahoo.com,Camila,274427.0,Ng,,
643,2017-05-16 00:05:38,,SarahWatanabe1955@gmail.net,Sarah,207051.0,Watanabe,2018-03-06 11:14:03,207051.0
644,2018-01-23 13:30:00,,YunaPatel1994@gmail.com,Yuna,264327.0,Patel,,
645,2014-07-09 05:27:05,,Nathan_Lopez1997@gmail.net,Nathan,32709.0,Lopez,,
646,2014-04-29 15:21:12,,AanyaGruber1974@gmail.edu,Aanya,24190.0,Gruber,,
647,2016-09-14 21:54:08,,BHernandez1999@gmail.net,B,153300.0,Hernandez,,
648,2014-06-22 15:15:06,,Elizabeth_Mammadov1967@earthlink.org,Elizabeth,29677.0,Mammadov,,
649,2017-01-05 18:44:48,,Botty_Sargsyan@inbox.com,Botty,179226.0,Sargsyan,,
650,2018-03-10 22:35:07,,H_Lee@gmail.edu,H,274783.0,Lee,,
651,2017-08-24 04:58:32,,AnikaKorhonen1975@gmail.org,Anika,228612.0,Korhonen,,
652,2016-11-12 15:57:59,,MRodriquez@outlook.info,M,166188.0,Rodriquez,,
653,2017-07-28 21:19:01,,RebeccaCosta@earthlink.org,Rebecca,224491.0,Costa,,
654,2017-04-15 14:06:00,,George_Khan1952@gmail.net,George,198009.0,Khan,,
655,2015-07-02 21:56:15,,John_Davis1963@outlook.com,John,78383.0,Davis,,
656,2014-08-03 10:28:18,,J_Janssens@inbox.net,J,33736.0,Janssens,,
657,2018-05-19 00:49:47,,Mosi_Novak@gmail.info,Mosi,296459.0,Novak,,
658,2014-08-02 12:53:16,,Marina_Bertrand@mail.com,Marina,34880.0,Bertrand,,
659,2018-03-24 11:29:23,,Elizabeth_Bertrand2004@mail.edu,Elizabeth,279185.0,Bertrand,,
660,2017-11-29 06:37:39,,RuthWatanabe@mail.com,Ruth,253792.0,Watanabe,,
661,2017-07-31 08:58:11,,JackSantos1955@gmail.com,Jack,221405.0,Santos,,
662,2017-09-19 21:04:18,,C_Zhou@gmail.edu,C,232648.0,Zhou,,
663,2018-01-24 05:46:13,,Victoria_Castillo1998@mail.edu,Victoria,266856.0,Castillo,,
664,2017-02-24 14:36:00,,K_Kruger1980@gmail.edu,K,187789.0,Kruger,,
665,2016-04-27 22:06:18,,Davit_Watanabe@gmail.com,Davit,128662.0,Watanabe,,
666,2016-06-04 03:34:19,,Elena_Smith1980@mail.biz,Elena,134053.0,Smith,,
667,2017-07-07 19:46:31,,ZoeLewis@inbox.biz,Zoe,216923.0,Lewis,,
668,2015-07-20 03:39:21,,Riya_Chopra@gmail.com,Riya,80754.0,Chopra,,
669,2017-06-01 23:38:50,,Lisa_Khan@gmail.com,Lisa,210498.0,Khan,,
670,2018-02-06 06:35:38,,PeterRossi1963@inbox.edu,Peter,268170.0,Rossi,,
671,2017-04-08 09:46:20,,K_Anand@mail.com,K,197416.0,Anand,,
672,2013-09-04 13:26:59,,J_Schmidt1993@gmail.com,J,6007.0,Schmidt,2018-05-16 03:43:22,6007.0
673,2015-09-24 07:08:33,2016-04-08 00:04:32,Hosna_Dubois1999@gmail.com,Hosna,89172.0,Dubois,,
674,2017-11-09 10:30:52,,Claire_Botson@gmail.net,Claire,243985.0,Botson,,
675,2017-07-19 04:46:39,,Adam_Dubois@earthlink.biz,Adam,221355.0,Dubois,,
676,2015-08-17 06:22:47,,Riya_Ortiz@gmail.net,Riya,85039.0,Ortiz,,
677,2015-08-07 04:32:48,,Mohamed_Lee2000@gmail.org,Mohamed,81867.0,Lee,,
678,2017-07-09 04:55:22,,AnikaAnand1966@gmail.edu,Anika,218645.0,Anand,,
679,2016-05-26 15:15:23,,Valentina_Kim@gmail.net,Valentina,134103.0,Kim,,
680,2017-12-14 01:56:14,,N_Scientist@outlook.com,N,257545.0,Scientist,,
681,2015-11-30 06:32:50,,Haruta_Sargsyan@earthlink.org,Haruta,100724.0,Sargsyan,,
682,2014-05-20 21:29:02,,ElizabethKorhonen1962@gmail.com,Elizabeth,27054.0,Korhonen,,
683,2015-08-02 13:09:57,,LoganBrown1986@gmail.com,Logan,83003.0,Brown,,
684,2017-12-05 02:36:53,,E_Rossi1966@outlook.edu,E,251400.0,Rossi,,
685,2016-01-24 04:42:16,,Seo-yun_Adebayo@inbox.info,Seo-yun,109599.0,Adebayo,,
686,2015-01-10 10:00:21,,Lisa_Kruger1979@gmail.biz,Lisa,54684.0,Kruger,,
687,2016-03-20 14:22:20,,Khalid_Korhonen@gmail.info,Khalid,119403.0,Korhonen,,
688,2015-10-07 07:02:31,,Elizabeth_Davis@gmail.biz,Elizabeth,93785.0,Davis,,
689,2017-10-25 10:52:02,,S_Korhonen@gmail.biz,S,243335.0,Korhonen,,
690,2016-05-05 16:00:06,,MosiJanssens@mail.com,Mosi,130600.0,Janssens,,
691,2018-02-03 08:14:35,,E_Adebayo1977@earthlink.com,E,266041.0,Adebayo,,
692,2017-12-17 17:43:12,,Khalid_Scientist1996@gmail.org,Khalid,254563.0,Scientist,,
693,2016-07-17 22:53:43,,L_Agarwal@earthlink.edu,L,141207.0,Agarwal,,
694,2016-06-17 09:56:46,,HarutaWebster1984@earthlink.edu,Haruta,135857.0,Webster,,
695,2015-09-27 14:06:27,,AlonsoTaylor@outlook.biz,Alonso,91809.0,Taylor,,
696,2016-03-20 22:48:07,,A_Dhawan1993@gmail.biz,A,120661.0,Dhawan,,
697,2016-02-01 11:44:56,2016-10-23 00:51:15,AMueller@gmail.edu,A,114173.0,Mueller,,
698,2018-03-16 12:50:41,,P_McRobotFace@mail.com,P,275909.0,McRobotFace,,
699,2014-02-03 11:51:53,,ArielMueller1959@earthlink.com,Ariel,16732.0,Mueller,,
700,2015-12-17 20:32:43,,PriyaChopra@earthlink.com,Priya,103469.0,Chopra,,
701,2014-09-01 21:43:43,,DiegoSilva1962@outlook.biz,Diego,37568.0,Silva,,
702,2017-11-19 07:47:22,,MiaNovak@gmail.org,Mia,249120.0,Novak,,
703,2014-04-11 18:50:46,,Youseff_Rossi1990@gmail.biz,Youseff,22207.0,Rossi,,
704,2017-06-24 10:03:26,,LHernandez1976@earthlink.edu,L,214460.0,Hernandez,,
705,2017-04-03 03:43:37,,LuisKorhonen1962@inbox.com,Luis,194574.0,Korhonen,,
706,2014-12-16 13:17:42,,AmairaRobotson@yahoo.edu,Amaira,50326.0,Robotson,,
707,2015-09-30 17:53:22,,LucasRossi1952@gmail.com,Lucas,91937.0,Rossi,2016-06-10 21:23:32,91937.0
708,2015-09-29 18:54:15,,Elena_Acharya@inbox.com,Elena,93112.0,Acharya,,
709,2014-04-30 00:07:23,,Victoria_Kruger1985@gmail.edu,Victoria,23625.0,Kruger,,
710,2017-08-03 14:11:42,2018-03-02 19:09:41,Kobe_Diaz1954@earthlink.info,Kobe,222121.0,Diaz,,
711,2017-06-23 06:15:17,,RTanaka1979@inbox.com,R,216097.0,Tanaka,,
712,2015-08-01 10:25:28,,Maryam_Ortiz@gmail.biz,Maryam,81129.0,Ortiz,,
713,2017-02-05 06:51:50,,F_Tanaka2002@inbox.info,F,182903.0,Tanaka,,
714,2017-06-15 21:40:11,,A_Petrov@inbox.org,A,214413.0,Petrov,,
715,2016-09-20 12:35:43,,Janelle_Petrov@outlook.org,Janelle,156426.0,Petrov,,
716,2015-09-28 09:29:06,,Juan_Martin@gmail.com,Juan,92306.0,Martin,,
717,2018-03-01 06:57:34,,BotNg1998@inbox.com,Bot,271077.0,Ng,,
718,2017-05-08 21:24:32,,GBertrand@gmail.com,G,204503.0,Bertrand,,
719,2017-11-21 07:40:35,,ZekeJones@gmail.org,Zeke,251308.0,Jones,,
720,2016-02-10 18:27:10,,SarahVarga1955@gmail.org,Sarah,115492.0,Varga,,
721,2016-11-19 23:09:08,,Alonso_Tamm@gmail.net,Alonso,167356.0,Tamm,,
722,2014-10-25 02:53:13,,JuanWeber1958@yahoo.org,Juan,44659.0,Weber,,
723,2017-12-03 11:28:03,,YHassan1958@outlook.com,Y,254632.0,Hassan,,
724,2017-10-22 16:47:49,,EKhan1985@yahoo.com,E,241160.0,Khan,,
725,2017-07-14 21:48:59,,AnneJanssens1966@yahoo.com,Anne,219928.0,Janssens,,
726,2017-05-15 04:37:52,,H_Khoury@gmail.com,H,206094.0,Khoury,,
727,2015-10-17 00:34:57,,A_Botson@earthlink.com,A,94363.0,Botson,,
728,2015-01-28 18:47:52,,Anika_Korhonen@gmail.com,Anika,55859.0,Korhonen,,
729,2013-11-05 06:05:41,,ArataChen@gmail.com,Arata,10350.0,Chen,,
730,2016-09-07 16:25:21,,V_Pillay2005@inbox.com,V,154787.0,Pillay,,
731,2014-07-31 16:14:00,,Irene_Petrov1993@yahoo.edu,Irene,32699.0,Petrov,,
732,2013-09-24 18:16:11,,ANovak1991@outlook.info,A,7919.0,Novak,,
733,2013-12-07 07:50:58,,Diya_Ahmad@mail.com,Diya,12621.0,Ahmad,,
734,2017-04-20 21:05:27,,Mosi_Smith1975@yahoo.com,Mosi,201975.0,Smith,,
735,2016-04-18 08:37:45,2016-05-24 04:58:15,AlonsoMammadov1977@gmail.org,Alonso,124642.0,Mammadov,,
736,2014-07-09 13:21:22,,Sonya_Petrov2000@mail.org,Sonya,30650.0,Petrov,,
737,2018-02-25 23:36:42,,Ruth_Murphy1976@inbox.net,Ruth,272395.0,Murphy,,
738,2016-12-23 14:09:55,,BekimMcRobotFace@gmail.edu,Bekim,174457.0,McRobotFace,2018-02-02 15:40:08,174457.0
739,2017-10-13 08:20:22,,Arata_Gruber@outlook.org,Arata,243176.0,Gruber,,
740,2017-01-04 23:27:54,,JackChopra@yahoo.biz,Jack,176025.0,Chopra,,
741,2016-05-28 23:48:04,,J_Kruger1997@mail.org,J,133105.0,Kruger,2017-02-08 21:21:55,133105.0
742,2015-07-28 07:26:12,,TKorhonen@mail.biz,T,80526.0,Korhonen,,
743,2017-11-30 01:19:45,,MateoDiaz1992@outlook.net,Mateo,251468.0,Diaz,,
744,2016-01-12 08:05:44,2016-07-05 18:12:48,Riko_Gruber@outlook.org,Riko,110011.0,Gruber,,
745,2017-03-01 10:32:21,,BenDiaz1974@gmail.edu,Ben,190240.0,Diaz,,
746,2018-04-02 06:13:58,,ValentinaDiaz@gmail.net,Valentina,280419.0,Diaz,,
747,2015-03-03 04:29:54,,MaryPowell@yahoo.org,Mary,58899.0,Powell,,
748,2017-09-04 08:35:00,,Camila_Lewis1981@earthlink.com,Camila,232377.0,Lewis,,
749,2016-09-15 14:15:22,2016-12-23 08:45:21,HRobotson1960@gmail.com,H,155629.0,Robotson,,
750,2014-05-21 11:27:39,,Nalah_Kruger1953@earthlink.com,Nalah,26728.0,Kruger,,
751,2014-01-22 11:32:49,,DiegoLiu1983@outlook.com,Diego,15596.0,Liu,,
752,2015-12-22 15:47:17,,LuisJanssens1963@mail.biz,Luis,106383.0,Janssens,,
753,2017-11-14 00:01:11,,Sofia_Botson1967@gmail.com,Sofia,248194.0,Botson,,
754,2017-09-23 06:58:43,,GraceWatanabe@gmail.com,Grace,237812.0,Watanabe,,
755,2018-05-06 18:06:26,,FelipeGonzalez1969@outlook.net,Felipe,290633.0,Gonzalez,,
756,2017-10-20 23:44:54,,HanahSilva@gmail.edu,Hanah,240751.0,Silva,,
757,2015-11-17 22:14:10,,HEvans1998@gmail.net,H,100411.0,Evans,,
758,2016-12-01 02:57:42,,Ben_Anand@gmail.com,Ben,169408.0,Anand,,
759,2014-02-22 17:13:52,,NoahTanaka1985@inbox.info,Noah,18844.0,Tanaka,,
760,2017-10-04 11:05:40,,GeorgeChopra1972@gmail.biz,George,236274.0,Chopra,,
761,2017-10-29 18:15:07,,DKhoury@gmail.com,D,243718.0,Khoury,,
762,2017-09-20 20:45:06,,ZoeMartin1963@yahoo.biz,Zoe,234353.0,Martin,,
763,2016-07-15 00:28:05,,Zoe_Ng1971@gmail.info,Zoe,140382.0,Ng,,
764,2013-10-20 22:41:37,,EmilyAgarwal1951@mail.info,Emily,8847.0,Agarwal,,
765,2016-06-29 23:55:13,,Nalah_Brown@earthlink.com,Nalah,138510.0,Brown,2017-03-16 07:38:46,138510.0
766,2016-01-14 18:19:18,,F_Dhawan@yahoo.edu,F,110748.0,Dhawan,,
767,2017-04-09 07:22:41,2017-05-31 10:58:26,Botty_Kruger@gmail.com,Botty,197217.0,Kruger,,
768,2018-01-22 09:26:07,,Robot_Smith1998@gmail.biz,Robot,265922.0,Smith,,
769,2015-03-01 21:20:49,,HarutaPhillips@gmail.com,Haruta,60379.0,Phillips,,
770,2016-09-11 07:37:11,,MarinaPowell@outlook.com,Marina,151615.0,Powell,,
771,2016-07-25 10:03:10,,AGruber1999@earthlink.info,A,144519.0,Gruber,,
772,2015-09-28 23:23:37,,ArataGruber@outlook.com,Arata,89908.0,Gruber,,
773,2018-03-11 14:40:47,,Anika_Adams@earthlink.net,Anika,276213.0,Adams,,
774,2015-05-26 17:59:34,,JonasPetrov@gmail.com,Jonas,73027.0,Petrov,,
775,2017-07-05 21:54:04,,SantiagoWebster1969@yahoo.biz,Santiago,215653.0,Webster,,
776,2016-03-25 17:30:08,,RAnand1974@earthlink.com,R,122881.0,Anand,,
777,2017-01-01 04:53:25,,E_Dubois@mail.info,E,175311.0,Dubois,,
778,2016-01-26 08:05:00,,ZekeTamm1966@inbox.info,Zeke,110142.0,Tamm,,
779,2017-12-08 06:28:50,,MiaNg1984@gmail.com,Mia,256068.0,Ng,,
780,2017-01-26 19:10:11,,Pierre_Rodriquez@yahoo.edu,Pierre,181707.0,Rodriquez,,
781,2018-02-11 03:59:23,,RLopez1986@gmail.edu,R,268706.0,Lopez,,
782,2013-05-05 16:44:28,,L_Ng1994@gmail.info,L,1192.0,Ng,,
783,2018-02-05 02:17:05,,RobotMurphy1985@earthlink.com,Robot,266092.0,Murphy,,
784,2015-02-14 19:55:30,,P_Saito1990@earthlink.info,P,58138.0,Saito,,
785,2016-09-24 19:22:16,,ClaireMartin2003@outlook.org,Claire,156054.0,Martin,,
786,2014-10-06 01:45:24,,Felipe_Anand1958@gmail.biz,Felipe,42501.0,Anand,,
787,2018-03-31 05:09:35,,AanyaHopper@earthlink.com,Aanya,280595.0,Hopper,,
788,2018-05-12 21:29:47,,PeterPetrov@gmail.com,Peter,292528.0,Petrov,,
789,2014-08-21 19:08:04,,Y_Hernandez@gmail.org,Y,36192.0,Hernandez,,
790,2018-04-19 06:47:34,,F_Petrov@inbox.biz,F,284134.0,Petrov,,
791,2014-03-30 23:55:51,,DVarga@gmail.edu,D,21996.0,Varga,,
792,2013-06-28 12:22:10,,Yuna_Lopez2005@inbox.biz,Yuna,3039.0,Lopez,,
793,2017-09-03 13:56:34,,SofiaMartin@inbox.com,Sofia,232164.0,Martin,,
794,2018-04-17 04:22:16,,EFreeman@earthlink.biz,E,287091.0,Freeman,,
795,2016-12-14 19:32:02,,Logan_Webster1998@inbox.net,Logan,172530.0,Webster,,
796,2014-11-06 01:17:11,,SoraMcRobotFace@earthlink.biz,Sora,44234.0,McRobotFace,,
797,2016-10-03 00:48:18,,L_Ng1955@inbox.edu,L,156571.0,Ng,,
798,2018-04-06 02:30:55,,JacobHopper@yahoo.biz,Jacob,284441.0,Hopper,,
799,2018-01-31 10:24:38,,Fatima_Taylor@mail.edu,Fatima,264331.0,Taylor,,
800,2016-10-19 18:40:17,,KWatanabe1959@yahoo.info,K,162123.0,Watanabe,,
801,2018-04-30 07:25:08,,Alonso_Janssens1991@outlook.com,Alonso,286759.0,Janssens,,
802,2016-12-07 03:52:29,,PeterHorvat1960@earthlink.net,Peter,169443.0,Horvat,,
803,2017-08-22 15:57:09,,PPowell1971@gmail.biz,P,226975.0,Powell,,
804,2017-11-19 23:38:18,,RuthMurphy@yahoo.edu,Ruth,248628.0,Murphy,,
805,2018-01-16 01:14:01,,Noah_Hopper1970@yahoo.com,Noah,264775.0,Hopper,,
806,2015-03-11 11:57:54,,Marina_Hopper1957@gmail.com,Marina,60596.0,Hopper,,
807,2016-08-01 10:53:06,,HKruger@gmail.com,H,145852.0,Kruger,,
808,2018-03-19 22:48:45,,Yuna_Costa1986@gmail.net,Yuna,279516.0,Costa,,
809,2013-10-08 12:02:06,,GLee1954@mail.com,G,8751.0,Lee,,
810,2015-06-23 16:38:46,,JackBertrand@gmail.com,Jack,74988.0,Bertrand,,
811,2015-04-26 22:12:55,,Haruta_Kumar1969@outlook.com,Haruta,67581.0,Kumar,,
812,2015-01-09 08:56:28,,Y_Mammadov1989@earthlink.com,Y,53766.0,Mammadov,,
813,2015-02-13 15:39:50,,DotRussell@gmail.com,Dot,57098.0,Russell,,
814,2018-04-20 19:14:28,,PierreAhmad@gmail.com,Pierre,285027.0,Ahmad,,
815,2017-07-03 20:34:35,,Irene_Martin@gmail.com,Irene,216528.0,Martin,,
816,2017-06-11 12:49:50,,RebeccaScientist1987@mail.net,Rebecca,212209.0,Scientist,,
817,2017-05-22 03:43:30,,Lucia_Webster@mail.org,Lucia,209191.0,Webster,,
818,2016-03-21 00:20:54,,Felipe_McRobot@mail.com,Felipe,121426.0,McRobot,,
819,2018-05-10 13:55:17,,RikoRobotson1963@yahoo.com,Riko,292529.0,Robotson,,
820,2016-09-10 22:35:30,,Rin_Lewis@earthlink.com,Rin,154617.0,Lewis,,
821,2017-11-10 11:21:17,,SarahPowell@yahoo.biz,Sarah,247785.0,Powell,,
822,2016-04-20 13:03:43,,EliasSargsyan1955@mail.com,Elias,125818.0,Sargsyan,,
823,2016-08-14 00:17:02,,Aanya_Hopper@outlook.net,Aanya,147053.0,Hopper,,
824,2016-03-03 20:47:09,,Maria_Dhawan@inbox.net,Maria,116793.0,Dhawan,,
825,2016-06-02 09:43:16,,Grace_Lopez@earthlink.org,Grace,135620.0,Lopez,,
826,2017-09-10 08:58:13,,RobotTanaka@gmail.edu,Robot,233311.0,Tanaka,,
827,2014-08-14 17:19:20,,RodrigoHassan1981@gmail.net,Rodrigo,34325.0,Hassan,,
828,2015-09-11 18:54:12,,ElizabethEvans@gmail.biz,Elizabeth,89854.0,Evans,,
829,2017-03-22 05:57:52,,Ben_Varghese@gmail.edu,Ben,195759.0,Varghese,,
830,2015-08-02 02:24:55,,TambikaPetrov1985@gmail.biz,Tambika,82812.0,Petrov,,
831,2013-07-28 08:22:18,,N_Dhawan@yahoo.org,N,4828.0,Dhawan,,
832,2017-06-09 15:58:18,,JChen1970@inbox.biz,J,209681.0,Chen,,
833,2016-10-08 15:25:08,,IMiller1976@yahoo.info,I,160209.0,Miller,,
834,2016-06-24 17:29:03,,LoganAnand@earthlink.com,Logan,140327.0,Anand,,
835,2018-03-24 09:44:18,,John_Martin1986@outlook.org,John,280042.0,Martin,,
836,2017-12-21 14:22:47,,Aanya_Costa@mail.info,Aanya,258871.0,Costa,,
837,2015-02-11 15:55:33,,T_Pillay@gmail.com,T,58156.0,Pillay,,
838,2018-02-13 14:57:04,,Ali_Lewis@inbox.net,Ali,271125.0,Lewis,,
839,2014-11-27 14:31:16,,NathanCastillo1950@gmail.info,Nathan,48254.0,Castillo,,
840,2018-05-24 01:30:26,,AyaRossi@earthlink.com,Aya,295689.0,Rossi,,
841,2016-07-20 05:43:08,,P_Saito@gmail.com,P,141580.0,Saito,,
842,2015-04-19 14:12:48,,Diya_McRobotFace@yahoo.com,Diya,65830.0,McRobotFace,,
843,2015-07-13 06:28:51,,HalimMiller1999@yahoo.net,Halim,80872.0,Miller,,
844,2018-02-23 15:09:34,,Fatima_Janssens@inbox.com,Fatima,270287.0,Janssens,,
845,2014-12-08 05:20:16,,FelipeBertrand1970@yahoo.edu,Felipe,48980.0,Bertrand,,
846,2017-04-07 13:44:16,,SofiaWebster@earthlink.com,Sofia,198608.0,Webster,,
847,2017-01-30 07:06:07,,Ruth_Ahmad@outlook.com,Ruth,185190.0,Ahmad,,
848,2018-02-01 11:29:06,,LDubois@gmail.edu,L,268775.0,Dubois,,
849,2017-05-27 00:09:36,,Sunita_Sargsyan@mail.net,Sunita,205743.0,Sargsyan,,
850,2015-11-03 21:57:10,,Aanya_Robotson1958@mail.com,Aanya,99045.0,Robotson,,
851,2017-11-17 13:02:02,,P_Liu@earthlink.biz,P,246425.0,Liu,,
852,2014-09-12 18:55:21,,M_Ahmad1988@gmail.biz,M,38842.0,Ahmad,,
853,2015-03-18 07:58:24,,Mateo_Adams@gmail.com,Mateo,61229.0,Adams,,
854,2017-09-12 21:46:39,,MiaMurphy@gmail.biz,Mia,233648.0,Murphy,,
855,2015-05-27 10:56:04,,Youseff_Schmidt@inbox.com,Youseff,70700.0,Schmidt,,
856,2015-10-16 06:10:39,,D_Zhou@inbox.info,D,94061.0,Zhou,,
857,2015-09-01 09:33:57,,DotLopez1966@inbox.biz,Dot,86123.0,Lopez,,
858,2015-02-25 01:55:55,,AnikaSokolov@outlook.edu,Anika,60258.0,Sokolov,,
859,2018-05-13 04:29:26,,JenniferSantos@gmail.biz,Jennifer,291344.0,Santos,,
860,2013-09-01 11:27:13,,NoahMueller@inbox.com,Noah,6026.0,Mueller,,
861,2017-08-13 12:46:01,,NoahComputer1965@gmail.biz,Noah,224533.0,Computer,,
862,2015-09-24 20:11:04,,RSmith1959@mail.org,R,91571.0,Smith,,
863,2014-02-01 15:39:51,,ClaireKim1955@gmail.com,Claire,17655.0,Kim,,
864,2018-05-13 17:06:03,,Yuna_Wilson1978@gmail.biz,Yuna,291093.0,Wilson,,
865,2016-07-16 18:42:32,,MMammadov@yahoo.net,M,143562.0,Mammadov,,
866,2015-07-10 11:10:19,,YDubois@outlook.org,Y,77166.0,Dubois,,
867,2016-03-10 09:50:04,,RiyaHuang1997@gmail.net,Riya,119277.0,Huang,,
868,2015-06-16 16:40:18,,Logan_Jones@outlook.com,Logan,76462.0,Jones,,
869,2017-09-19 13:32:51,,SDubois@outlook.com,S,237322.0,Dubois,,
870,2017-10-12 10:18:03,,Omar_Khan@mail.org,Omar,239777.0,Khan,,
871,2014-07-12 05:31:40,,Robot_Brown1951@earthlink.com,Robot,30769.0,Brown,,
872,2016-09-09 09:43:16,,VictoriaWatanabe1980@gmail.com,Victoria,154876.0,Watanabe,,
873,2017-02-21 00:30:30,,ElenaDiaz@outlook.edu,Elena,189216.0,Diaz,,
874,2015-08-10 02:11:16,,MKhan@outlook.edu,M,83611.0,Khan,,
875,2017-12-31 01:52:16,,L_Gupta1950@gmail.biz,L,258569.0,Gupta,,
876,2015-09-21 05:05:16,,Anne_Horvat1991@gmail.net,Anne,89821.0,Horvat,,
877,2018-03-15 07:02:43,,Dot_Russell1987@earthlink.com,Dot,277476.0,Russell,,
878,2015-08-10 05:18:05,,KBertrand1981@gmail.net,K,82293.0,Bertrand,,
879,2015-11-25 15:56:36,,Dot_Hopper@outlook.com,Dot,100315.0,Hopper,,
880,2017-06-17 06:21:41,,Camila_Lee1984@inbox.biz,Camila,211169.0,Lee,,
881,2016-04-24 17:47:10,,AliVarga1973@yahoo.com,Ali,126824.0,Varga,,
882,2016-05-01 01:46:09,,J_Taylor1964@gmail.edu,J,129785.0,Taylor,,
883,2017-07-20 12:18:00,,C_Ortiz@outlook.com,C,220292.0,Ortiz,,
884,2015-12-09 09:28:36,,Robot_Freeman1995@gmail.com,Robot,102665.0,Freeman,,
885,2016-05-08 22:20:44,,Z_Patel1979@outlook.info,Z,129759.0,Patel,,
886,2015-01-11 23:42:26,,Khalid_Smith1960@mail.com,Khalid,53201.0,Smith,,
887,2015-09-20 01:37:01,,IsabellaSargsyan1981@gmail.edu,Isabella,91385.0,Sargsyan,,
888,2014-10-22 08:57:14,,RAnand@outlook.biz,R,43664.0,Anand,2017-08-09 04:34:52,43664.0
889,2018-03-19 03:49:50,,SunitaAdebayo@inbox.net,Sunita,280358.0,Adebayo,,
890,2014-07-20 01:46:14,,John_Rodriquez@mail.net,John,33743.0,Rodriquez,,
891,2017-05-02 09:59:38,,Elena_McRobotFace1956@outlook.info,Elena,200527.0,McRobotFace,,
892,2018-03-16 04:09:58,,Jack_Janssens@gmail.com,Jack,276386.0,Janssens,,
893,2014-12-06 13:29:43,,Ben_Kim1997@outlook.biz,Ben,47923.0,Kim,,
894,2016-10-30 21:39:28,,KobeLiu@gmail.info,Kobe,163360.0,Liu,,
895,2018-05-17 03:31:00,,ClaireMcRobotFace1981@earthlink.com,Claire,292675.0,McRobotFace,,
896,2018-03-02 07:48:22,,Diya_Hernandez1965@mail.edu,Diya,274873.0,Hernandez,,
897,2017-10-23 10:18:51,,Lucas_Sargsyan2003@inbox.info,Lucas,243117.0,Sargsyan,,
898,2013-10-16 21:36:21,,Mary_Castillo@gmail.com,Mary,8438.0,Castillo,,
899,2016-01-08 19:00:09,,SantiagoWilson2003@gmail.org,Santiago,107314.0,Wilson,,
900,2017-01-03 19:23:11,,NoahKim1998@gmail.biz,Noah,177280.0,Kim,,
901,2016-06-12 10:03:45,,TalaSokolov1995@gmail.org,Tala,136926.0,Sokolov,,
902,2016-10-11 08:21:04,,Sora_Gonzalez1987@earthlink.net,Sora,159691.0,Gonzalez,,
903,2014-03-06 23:59:23,,ZoeBotson1956@gmail.com,Zoe,19589.0,Botson,,
904,2014-11-15 05:01:47,,SLopez1977@gmail.net,S,45225.0,Lopez,,
905,2016-01-08 23:06:26,,J_Tamm@yahoo.edu,J,107910.0,Tamm,,
906,2017-11-04 21:34:34,,Santiago_Dubois1984@mail.edu,Santiago,246247.0,Dubois,,
907,2017-05-07 21:11:48,,S_Jones@yahoo.com,S,204572.0,Jones,,
908,2016-03-29 17:05:11,,MVarghese@mail.com,M,123091.0,Varghese,,
909,2018-03-31 01:40:17,,Fatima_Kim1980@earthlink.info,Fatima,280406.0,Kim,,
910,2018-05-09 07:02:38,,SunitaAmin@outlook.com,Sunita,292380.0,Amin,,
911,2017-03-22 12:05:22,,OAhmad@gmail.net,O,195024.0,Ahmad,,
912,2017-01-27 14:15:33,,FelipeLewis@mail.com,Felipe,183138.0,Lewis,,
913,2013-04-13 04:53:38,,ZSousa1980@earthlink.info,Z,559.0,Sousa,,
914,2017-09-11 05:15:59,,JohnWeber1983@earthlink.edu,John,234426.0,Weber,,
915,2014-11-14 14:37:50,,HNielsen@gmail.edu,H,45767.0,Nielsen,,
916,2015-06-02 07:59:45,,M_Kruger@mail.edu,M,72698.0,Kruger,,
917,2017-02-12 02:05:56,,Anne_Gupta1956@gmail.info,Anne,186068.0,Gupta,,
918,2015-01-16 05:40:07,,MariaGupta@gmail.biz,Maria,54189.0,Gupta,,
919,2015-09-25 08:56:25,,Elena_Miller@yahoo.com,Elena,89296.0,Miller,,
920,2018-02-24 08:22:46,,RAgarwal1978@yahoo.edu,R,272096.0,Agarwal,,
921,2017-08-05 05:39:01,,MWilson@mail.info,M,226458.0,Wilson,,
922,2014-05-14 20:41:07,,AliMueller1996@earthlink.org,Ali,26440.0,Mueller,,
923,2017-07-11 07:34:07,,JacobNg@mail.net,Jacob,219467.0,Ng,,
924,2017-05-05 18:58:27,,DMartin1977@inbox.com,D,205312.0,Martin,,
925,2015-09-02 22:00:18,,C_Varghese1996@gmail.net,C,87770.0,Varghese,,
926,2015-08-29 02:24:54,,Juan_Chopra@gmail.org,Juan,86866.0,Chopra,,
927,2015-07-10 07:50:40,,MPatel1991@gmail.biz,M,78757.0,Patel,2017-05-08 02:54:32,78757.0
928,2018-01-14 08:36:39,,RikoKhan@inbox.edu,Riko,261042.0,Khan,,
929,2017-12-24 03:40:17,,AKim@gmail.com,A,254881.0,Kim,,
930,2018-04-11 09:43:34,,JohnTamm1962@mail.com,John,286183.0,Tamm,,
931,2018-04-07 22:22:44,,Nalah_Nielsen1980@yahoo.com,Nalah,284280.0,Nielsen,,
932,2015-10-28 20:47:55,,Fatima_Wilson@inbox.com,Fatima,96893.0,Wilson,,
933,2018-01-23 12:29:37,,AnneHassan2003@gmail.info,Anne,267061.0,Hassan,,
934,2014-11-26 09:36:23,,JuanKowalski1997@mail.com,Juan,47731.0,Kowalski,,
935,2016-04-16 02:40:30,,Z_Miller@yahoo.edu,Z,127289.0,Miller,,
936,2017-07-15 02:15:38,,LuciaWilson@inbox.net,Lucia,220572.0,Wilson,,
937,2015-11-14 09:32:55,,MohamedAdams1988@inbox.edu,Mohamed,100253.0,Adams,,
938,2018-04-16 20:02:06,,Botty_Silva1976@gmail.net,Botty,286258.0,Silva,,
939,2017-07-24 05:18:52,,Adam_Watanabe1963@inbox.org,Adam,219797.0,Watanabe,2017-11-11 16:05:43,219797.0
940,2017-08-18 03:13:36,,FBertrand@gmail.com,F,226885.0,Bertrand,,
941,2018-05-06 18:36:35,,Lucia_Phillips1991@earthlink.org,Lucia,292302.0,Phillips,,
942,2017-08-06 02:54:32,,MHassan1965@gmail.info,M,224575.0,Hassan,,
943,2014-11-06 00:36:08,,EJones1952@gmail.org,E,45177.0,Jones,,
944,2014-02-04 17:38:45,,S_Khoury1962@inbox.net,S,17195.0,Khoury,,
945,2014-06-30 19:08:42,,Peter_Agarwal@outlook.com,Peter,30005.0,Agarwal,,
946,2017-03-03 14:11:30,,CHopper1962@earthlink.biz,C,189694.0,Hopper,,
947,2014-07-16 09:52:46,,RuthFreeman1997@inbox.org,Ruth,32991.0,Freeman,,
948,2016-08-07 21:11:29,,ValentinaDubois@yahoo.org,Valentina,147613.0,Dubois,,
949,2017-03-10 14:03:22,,LoganWatanabe@mail.com,Logan,191251.0,Watanabe,,
950,2017-02-07 00:55:57,,A_Varga1957@inbox.edu,A,183396.0,Varga,,
951,2017-12-10 05:17:42,,Marina_Dubois1968@gmail.com,Marina,257016.0,Dubois,,
952,2014-06-08 11:33:45,,Mohamed_Jones1997@yahoo.com,Mohamed,29470.0,Jones,,
953,2016-12-23 02:05:27,,HanahKowalski@gmail.com,Hanah,175731.0,Kowalski,,
954,2017-11-05 05:10:30,,EMcRobot@gmail.com,E,248126.0,McRobot,,
955,2016-11-25 11:56:55,2017-04-09 19:35:11,DataAlami@earthlink.com,Data,169665.0,Alami,,
956,2013-12-30 04:33:40,,JackBertrand1954@gmail.org,Jack,14587.0,Bertrand,,
957,2014-08-28 20:29:49,,Elias_Zhou@mail.org,Elias,37067.0,Zhou,,
958,2013-08-18 04:06:15,,KhalidMcRobot1998@gmail.net,Khalid,5383.0,McRobot,,
959,2014-06-09 06:00:38,,Zeke_Evans1999@earthlink.biz,Zeke,29264.0,Evans,2015-04-12 20:52:14,29264.0
960,2017-08-21 02:29:01,,Jacob_Adebayo1982@gmail.com,Jacob,227396.0,Adebayo,,
961,2013-04-10 16:45:07,,ClaireOrtiz@mail.biz,Claire,823.0,Ortiz,,
962,2013-04-20 01:55:02,,R_Adams1961@gmail.net,R,696.0,Adams,,
963,2017-12-26 05:17:00,,E_Petrov@gmail.com,E,258810.0,Petrov,,
964,2014-08-19 13:04:47,,Grace_Robotson1982@earthlink.edu,Grace,36219.0,Robotson,,
965,2015-04-28 11:40:50,,RikoSantos1977@earthlink.edu,Riko,68805.0,Santos,,
966,2014-12-28 14:12:22,,ASargsyan@inbox.net,A,50847.0,Sargsyan,,
967,2017-12-28 06:42:31,,Juan_McRobotFace@inbox.edu,Juan,257947.0,McRobotFace,,
968,2015-04-01 12:21:24,,DiyaKhan1983@gmail.edu,Diya,62773.0,Khan,,
969,2015-07-24 18:23:59,,KhalidKim@mail.com,Khalid,80396.0,Kim,,
970,2016-10-27 10:19:00,,Sarah_Russell@gmail.info,Sarah,162415.0,Russell,,
971,2017-05-07 07:00:57,,Zoe_Schmidt1972@yahoo.com,Zoe,204947.0,Schmidt,,
972,2017-12-07 22:47:09,,Mosi_Silva1964@earthlink.info,Mosi,253362.0,Silva,,
973,2015-03-06 10:39:10,,SLee1992@outlook.info,S,59742.0,Lee,,
974,2016-02-22 00:37:49,,John_Jones@yahoo.com,John,117558.0,Jones,,
975,2016-12-17 23:51:57,,BRodriquez1967@gmail.edu,B,174298.0,Rodriquez,,
976,2017-09-10 11:28:22,,Tambika_Costa@gmail.info,Tambika,234967.0,Costa,,
977,2017-03-24 23:40:57,,HAhmad1961@gmail.org,H,195700.0,Ahmad,,
978,2014-08-03 15:42:17,,AAmin2005@gmail.biz,A,34700.0,Amin,,
979,2016-09-11 12:26:49,,JackChen@yahoo.com,Jack,152921.0,Chen,,
980,2015-09-27 14:10:26,,Fatima_Rodriquez1987@inbox.edu,Fatima,90345.0,Rodriquez,,
981,2016-11-06 15:20:59,,KSantos1950@gmail.net,K,166993.0,Santos,,
982,2017-11-15 04:23:43,,YouseffAnand@gmail.com,Youseff,250632.0,Anand,,
983,2015-02-20 01:49:12,,ElizabethMurphy1982@earthlink.com,Elizabeth,59956.0,Murphy,,
984,2017-02-13 14:25:28,,Lucia_Wilson1999@yahoo.org,Lucia,186607.0,Wilson,,
985,2015-07-09 22:20:34,,DavitPetrov1999@outlook.info,Davit,77113.0,Petrov,,
986,2017-03-21 18:45:01,,HarutaBertrand@yahoo.com,Haruta,193176.0,Bertrand,,
987,2015-10-05 17:52:17,,D_Kruger@gmail.org,D,92825.0,Kruger,,
988,2014-12-06 00:24:44,,MLee1988@gmail.net,M,48772.0,Lee,,
989,2016-01-20 13:59:28,,L_Saito1987@yahoo.com,L,111835.0,Saito,,
990,2017-02-03 01:42:42,,KatherinePetrov@outlook.com,Katherine,183943.0,Petrov,,
991,2016-08-20 13:52:22,,AhmedRossi1977@gmail.net,Ahmed,149881.0,Rossi,,
992,2015-03-05 19:45:46,,JuanNg@yahoo.info,Juan,61793.0,Ng,,
993,2015-07-03 02:11:05,,Ji-woo_Brown1986@mail.biz,Ji-woo,77129.0,Brown,,
994,2018-01-04 17:45:11,,KSokolov@outlook.biz,K,261121.0,Sokolov,,
995,2016-07-30 13:30:27,,Luis_Evans@gmail.com,Luis,145582.0,Evans,2017-05-06 22:56:44,145582.0
996,2017-04-05 00:44:38,,Diya_Zhou1995@gmail.com,Diya,195970.0,Zhou,,
997,2015-07-08 14:02:20,,H_Miller@yahoo.info,H,77541.0,Miller,,
998,2017-02-17 07:11:41,,F_Varghese1999@mail.com,F,186861.0,Varghese,,
999,2018-01-23 00:36:46,,Fatima_Petrov@earthlink.net,Fatima,264812.0,Petrov,2018-02-09 02:08:03,264812.0
